id,action_id,owner_contact_id_histories,description,due_date_histories,decision_made_histories,status_histories,progress_histories,gyr_histories,created_at_x,updated_at_x,month,day,project_id_x,issue_id,owner_contact_id_actions,owner_contact_name_x,action_identifier,original_description,due_date_actions,decision_made_actions,status_actions,progress_actions,gyr_actions,creator_id_changes,approver_contact_id,change_identifier,description_changes,department,status_x,reason,created_at_changes,updated_at_changes,due_month,due_weekday,creator_id,project_id_y,owner_contact_id,owner_contact_name_y,risk_identifier,statement,impact,probability,score,rank,status_y,impacted_key_constraint,created_at_y,updated_at_y,predicted_status,predicted_status_label,predicted_risk_score,mitigation_suggestions,risk_category
1,1,6.0,Most of what we are doing is to receive more training and information on our current situation while trying to apply the requirements of the project to the outcome.,2021-12-10,0.0,open,0,green,2021-11-26 17:09:56,2021-11-26 17:09:56,11,26,4.0,1.0,6.0,T.J. Shalmark,I1-A1,Develop plan,2021-12-10,0.0,open,100.0,green,2.0,158.0,CR1,bring on more people or change the priorrity of project members work,Technical Support,declined,We may be having some scheduling issues with tech group around testing,2021-11-26 17:06:02,2022-03-24 13:37:52,12,Friday,2,4,6.0,T.J. Shalmark,R1,There is a risk that the information provided as to the technical spec does not conform with the safety guidelines that are coming out later this year.,2,35,70,,open,schedule,2021-11-29 11:08:52,2022-04-03 12:54:47,1,Yellow,71.7,information,Low
6,5,8.0,Most of what we are doing is to receive more training and information on our current situation while trying to apply the requirements of the project to the outcome.,2021-11-29,1.0,open,50,green,2021-11-29 10:49:32,2021-11-29 10:49:32,11,29,4.0,1.0,7.0,Jerri Shaw,I1-A3,do the plan,2021-12-01,0.0,open,95.0,green,,,,,,,,,,11,Monday,2,4,111.0,Traxidy Gmail Acct,R6,There is a risk that the information provided as to the technical spec does not conform with the safety guidelines that are coming out later this year.,4,20,80,,closed,scope_and_budget,2021-11-29 11:12:35,2022-07-06 09:19:36,0,Green,80.1,information,Low
10,5,8.0,"This work continues to be worked on. I have been able to setup meetings with the appropriate people and we will report back as the information is developed. 

Most of what we are doing is to receive more training and information on our current situation while trying to apply the requirements of the project to the outcome.",2021-12-10,1.0,open,65,green,2021-11-30 09:40:37,2021-11-30 09:40:37,11,30,7.0,6.0,15.0,Cliff Ma,I1-A1,,2022-01-13,0.0,open,0.0,green,,,,,,,,,,12,Friday,2,2,13.0,Steve Sammy,R2,We think the Marketing group will be understaffed at launch,3,80,240,,closed,scope_or_benefits,2022-01-23 09:26:54,2022-03-05 13:37:49,0,Green,243.6,"work, information",High
11,5,8.0,"This work continues to be worked on. I have been able to setup meetings with the appropriate people and we will report back as the information is developed. 

Most of what we are doing is to receive more training and information on our current situation while trying to apply the requirements of the project to the outcome.
\This work continues to be worked on. I have been able to setup meetings with the appropriate people and we will report back as the information is developed. 

Mos",2021-12-10,1.0,open,65,green,2021-11-30 09:41:22,2021-11-30 09:41:22,11,30,11.0,7.0,23.0,Mitchel McBroom,I1-A1,,2022-01-28,0.0,closed,100.0,green,,,,,,,,,,12,Friday,2,2,43.0,Jerri Shaw,R3,resources from install group may not be available when sked to install network,5,50,250,,closed,schedule,2022-01-23 09:29:52,2022-03-24 13:32:42,0,Green,250.0,"work, information",High
17,1,6.0,Most of what we are doing is to receive more training and information on our current situation while trying to apply the requirements of the project to the outcome.,2021-12-10,0.0,closed,30,green,2021-12-14 19:42:07,2021-12-14 19:42:07,12,14,3.0,13.0,28.0,Steve Traxidy Tester,I3-A1,,2022-01-26,1.0,open,5.0,green,,,,,,,,,,12,Friday,46,36,67.0,Prod User,R1,Test Risk Statement 01,5,20,100,,open,scope_or_benefits,2022-02-28 09:00:27,2022-02-28 09:00:27,1,Yellow,99.8,information,Low
20,10,15.0,reached,2022-01-13,0.0,open,0,green,2022-01-12 12:08:52,2022-01-12 12:08:52,1,12,14.0,16.0,30.0,Mitchel McBroom,I2-A1,,2022-08-31,0.0,open,0.0,green,,,,,,,,,,1,Thursday,2,1,72.0,Jerri Shaw,R1,There is a risk that the budget will not be enough to cover the new type of testing that's required,4,60,240,1.0,open,budget,2022-03-05 13:03:14,2022-08-30 11:58:04,0,Green,240.0,,High
21,11,23.0,Mitchel to investigate the reason why some events/locations would be defaulting to the text-only version of the DMS templates (reason could be the different size of graphics).,2022-01-19,0.0,open,0,green,2022-01-13 09:35:40,2022-01-13 09:35:40,1,13,14.0,17.0,30.0,Mitchel McBroom,I3-A1,,2022-07-31,1.0,closed,70.0,green,,,,,,,,,,1,Wednesday,2,1,73.0,Gus Marquez Sr.,R2,risk that the support window for the implementation in the system will not be available within a month of our finish.,3,60,180,,open,schedule,2022-03-05 13:04:32,2022-08-30 11:58:04,2,Red,175.65,,Medium
22,12,25.0,Gavincko discussed with Mitchel and met with Oliver on 01-12 to discuss the best way to do this in QGIS. The method of attack seemed to be a function for calculating the distance from the new points to the closest old point.,2022-01-26,1.0,open,20,green,2022-01-13 09:47:23,2022-01-13 09:47:23,1,13,14.0,18.0,30.0,Mitchel McBroom,I4-A1,,2022-02-04,1.0,closed,0.0,green,,,,,,,,,,1,Wednesday,2,2,152.0,Terry Tester,R5,newest risk that there could be issues and delay,5,70,350,1.0,open,scope_and_schedule,2022-03-05 13:14:17,2022-05-23 09:34:04,2,Red,352.25,new,High
23,13,22.0,stuff big stuff,2022-01-13,0.0,open,0,green,2022-01-13 17:52:00,2022-01-13 17:52:00,1,13,14.0,19.0,30.0,Mitchel McBroom,I5-A1,,2022-04-05,1.0,closed,100.0,green,,,,,,,,,,1,Thursday,2,2,43.0,Jerri Shaw,R6,newest risk that there could be issues and delay,4,60,240,2.0,open,schedule,2022-03-05 13:14:43,2022-05-23 09:34:04,1,Yellow,240.0,,High
24,14,27.0,try to do this with the system and see if the email goes ahead as planned,2022-01-28,0.0,open,20,green,2022-01-14 12:05:46,2022-01-14 12:05:46,1,14,14.0,20.0,30.0,Mitchel McBroom,I6-A1,,2022-02-04,1.0,closed,100.0,green,,,,,,,,,,1,Friday,2,2,44.0,Gus Marquez Sr.,R7,newest risk that there could be issues and delay,3,90,270,,closed,scope_and_budget,2022-03-05 13:15:00,2022-03-30 19:15:00,0,Green,270.0,email,High
25,15,28.0,we need to take steps!!,2022-02-01,1.0,closed,10,green,2022-01-14 14:03:30,2022-01-14 14:03:30,1,14,15.0,21.0,32.0,Mitchel McBroom,I1-A1,,2022-01-24,1.0,closed,100.0,green,,,,,,,,,,2,Tuesday,2,4,7.0,Jerri Shaw,R8,Risk that the window for the customer implementation may have to be moved due to maintenance window coming into plan,1,30,30,,open,schedule,2022-03-06 15:13:49,2022-04-03 12:52:27,1,Yellow,33.4,need,Low
26,16,3.0,actions here,2022-02-23,0.0,open,0,green,2022-01-14 14:04:25,2022-01-14 14:04:25,1,14,12.0,22.0,33.0,Mimi McBroom,I2-A1,,2022-06-30,0.0,open,0.0,green,6.0,,CR4,,,investigating,budget constraints,2022-03-27 16:05:44,2022-03-27 16:05:44,2,Wednesday,2,4,187.0,Steve McBroom,R9,The safety and security  firewalls may not be the newest version for the database and the network config,5,60,300,1.0,open,scope_or_benefits,2022-03-09 09:19:20,2022-07-07 08:53:44,2,Red,300.0,,High
27,17,28.0,take some money and do something,2022-01-26,1.0,open,5,green,2022-01-14 14:05:20,2022-01-14 14:05:20,1,14,12.0,22.0,33.0,Mimi McBroom,I2-A2,,2024-01-31,1.0,open,0.0,green,,,,,,,,,,1,Wednesday,52,60,109.0,William Howard,R1,roadway construction in the area on the street may mean the electical is off for several hours,5,70,350,1.0,open,schedule,2022-03-13 17:55:47,2022-03-13 17:55:47,1,Yellow,349.75,,High
28,18,28.0,we decided to not do this,2022-01-12,1.0,open,100,green,2022-01-14 14:06:13,2022-01-14 14:06:13,1,14,12.0,23.0,33.0,Mimi McBroom,I3-A1,,2022-01-31,1.0,closed,15.0,green,,,,,,,,,,1,Wednesday,52,56,103.0,B. Oswald,R1,ARTS HS - road construction in front of Arts HS may cause electricity to be off for at least 2 days in Aug,5,50,250,,open,schedule,2022-03-13 18:10:42,2022-03-14 10:21:48,0,Green,250.0,,High
29,11,23.0,"After speaking with Mike, the 105x27 DMS formats (DMS 218 & 220) support colour coded TT messages - Need to confirm with Alex if this means the 105x27 graphics need to be added.",2022-01-19,0.0,open,0,green,2022-01-14 17:20:46,2022-01-14 17:20:46,1,14,17.0,24.0,36.0,Mitchel McBroom,I1-A1,,2022-01-10,1.0,closed,100.0,green,,,,,,,,,,1,Wednesday,52,56,105.0,Steve McBroom,R2,TECH HS - people could need to use building at Tech HS for 2 days in late June extending school close,5,70,350,1.0,open,schedule,2022-03-13 18:12:49,2022-04-25 19:54:47,2,Red,349.75,need,High
30,11,23.0,Week of Jan 17-21: Mitchel to coordinate with Dom to complete testing and investigate the 105x27 graphic format colour decision.,2022-01-19,0.0,open,60,green,2022-01-14 17:23:33,2022-01-14 17:23:33,1,14,18.0,25.0,38.0,Mitchel McBroom,I1-A1,,2022-02-07,1.0,closed,100.0,green,,,,,,,,,,1,Wednesday,52,56,105.0,Steve McBroom,R3,xxxxxxxxxxxxxxxxxxxxxxxxx,4,50,200,,closed,schedule,2022-03-14 10:20:46,2022-03-14 10:22:24,0,Green,200.8,,High
31,19,30.0,"Questions regarding the spreadsheet: which graphic is to be used (need a new image file?) and when the graphic applies (from the sheet, graphic is associated with the NO CNG"" cause).""",2022-02-04,0.0,open,0,green,2022-01-14 17:34:23,2022-01-14 17:34:23,1,14,18.0,26.0,38.0,Mitchel McBroom,I2-A1,,2022-02-21,0.0,closed,100.0,green,,,,,,,,,,2,Friday,56,64,115.0,Brian Oswald,R1,GWC work may need to be performed on second shift due to summer school,4,75,300,,closed,scope_or_schedule_or_budget,2022-03-14 14:28:12,2022-04-26 08:35:44,1,Yellow,300.0,"need, new",High
32,20,30.0,"New addition; cause-specific response plan (cause = special event"").""",2022-02-04,0.0,open,0,green,2022-01-14 17:36:28,2022-01-14 17:36:28,1,14,18.0,27.0,37.0,Alex Ariza,I3-A1,,2022-03-08,1.0,closed,100.0,green,,,,,,,,,,2,Friday,35,69,127.0,Gail Desmond,R1,SPRINT 1 - risk that people wont be available,5,50,250,2.0,open,schedule,2022-03-15 16:44:33,2022-03-17 19:45:25,0,Green,250.0,"response, new",High
34,22,30.0,"New response plan to be added for Cause = Roadwork Uneven"".""",2022-02-04,0.0,open,0,green,2022-01-14 17:41:42,2022-01-14 17:41:42,1,14,2.0,29.0,13.0,Steve Sammy,I3-A1,Develop training overview for approval,2022-10-13,0.0,closed,35.0,green,,,,,,,,,,2,Friday,35,70,145.0,JD Ishtar,R1,risk that people wont be available,5,40,200,3.0,open,scope_and_schedule,2022-03-21 09:16:57,2022-03-31 11:06:11,2,Red,200.0,"response, new",High
35,23,30.0,Spreadsheet outlines changes to the tunnel response DMS messaging; question is... has this been taken care of already with the current response - should we be waiting for Nate and Todd to review the existing response before message text is changed?,2022-02-04,0.0,open,0,green,2022-01-14 17:43:24,2022-01-14 17:43:24,1,14,2.0,5.0,1.0,Janice Wong,I1-A2,,2022-03-23,1.0,closed,90.0,green,,,,,,,,,,2,Friday,35,70,146.0,Channel Legit,R2,sponsor will be unavailable with convention speaking engagement next month,5,70,350,1.0,open,schedule,2022-03-21 09:17:56,2022-03-31 11:06:11,2,Red,349.75,"review, todd, nate, response",High
36,24,30.0,Updates to Traffic Paces & Mobile Closure; Email/SMS/Twitter/API updates are noted in the spreadsheet,2022-02-04,0.0,open,0,green,2022-01-14 17:44:40,2022-01-14 17:44:40,1,14,2.0,5.0,42.0,Steve McBroom,I1-A3,Review Regulatory Requirements,2022-10-28,0.0,closed,65.0,yellow,,,,,,,,,,2,Friday,2,27,69.0,Selma Trichet,R1,there is a risk that the administration for the database may not be fully tested in the time needed,4,5,20,,open,scope_and_schedule,2022-03-21 14:37:26,2022-06-03 09:32:33,1,Yellow,27.95,email,Low
39,26,33.0,Hire someone,2022-01-31,0.0,open,0,green,2022-01-15 15:51:36,2022-01-15 15:51:36,1,15,14.0,20.0,30.0,Mitchel McBroom,I6-A2,,2022-04-30,1.0,closed,20.0,green,,,,,,,,,,1,Monday,6,12,164.0,sami mcbroom,R1,Budget is insufficient,4,75,300,1.0,open,budget,2022-03-27 14:04:29,2022-04-09 10:04:46,1,Yellow,300.0,,High
40,27,33.0,Training needed,2022-01-31,0.0,open,0,green,2022-01-15 15:53:44,2022-01-15 15:53:44,1,15,15.0,31.0,32.0,Mitchel McBroom,I2-A1,,2022-02-25,1.0,closed,100.0,green,,,,,,,,,,1,Monday,6,12,33.0,Mimi McBroom,R2,Insufficient resources,4,60,240,2.0,open,schedule,2022-03-27 14:05:30,2022-04-09 10:04:46,2,Red,240.0,,High
41,28,33.0,get it done,2022-01-31,1.0,open,15,green,2022-01-15 16:32:44,2022-01-15 16:32:44,1,15,23.0,32.0,52.0,Mitchel McBroom,I1-A1,,2022-02-11,1.0,closed,100.0,green,,,,,,,,,,1,Monday,6,12,33.0,Mimi McBroom,R3,Announcement Get Delayed,4,50,200,3.0,open,schedule,2022-03-27 14:06:25,2022-04-09 10:04:46,2,Red,200.45,,High
43,27,33.0,Training needed,2022-01-31,1.0,open,0,green,2022-01-15 16:58:10,2022-01-15 16:58:10,1,15,23.0,34.0,52.0,Mitchel McBroom,I3-A1,,2022-02-11,1.0,closed,100.0,green,,,,,,,,,,1,Monday,56,83,173.0,William Howard,R1,Deadline being met depends upon NRIA keeping dates available.,3,50,150,,closed,schedule,2022-03-29 14:11:46,2022-04-26 08:17:06,0,Green,153.15,,Medium
45,29,36.0,Jan 10: Sandusky Rd N' is added to US-52 E refloc list,2022-01-10,1.0,closed,100,green,2022-01-17 14:40:26,2022-01-17 14:40:26,1,17,25.0,36.0,54.0,Jose Cortez,I1-A1,,2022-02-11,1.0,open,5.0,green,,,,,,,,,,1,Monday,35,71,176.0,Steve McBroom,R1,there is a risk that the plan schedule is not correct,5,25,125,,open,schedule,2022-04-12 11:57:05,2022-04-12 11:57:05,1,Yellow,111.0,,Medium
48,32,37.0,Release 6.17 Go-Live,2022-03-08,0.0,open,0,green,2022-01-18 11:46:07,2022-01-18 11:46:07,1,18,17.0,38.0,36.0,Mitchel McBroom,I2-A1,,2022-02-18,1.0,closed,100.0,green,,,,,,,,,,3,Tuesday,55,91,180.0,Steve McBroom,R2,risk of vacations getting in the way. this is for the marketing group only.,4,20,80,,open,scope_and_schedule,2022-04-25 19:33:20,2022-11-15 16:34:55,0,Green,80.0,,Low
49,33,38.0,Send a memo of 6.17 Planned Changes to Michael Pack (requested to be CC'd on email) and to Jeff Beard.,2022-02-07,1.0,open,0,green,2022-01-18 15:14:50,2022-01-18 15:14:50,1,18,35.0,39.0,65.0,team member 1 last name1,I1-A1,,2022-02-23,0.0,open,10.0,green,,,,,,,,,,2,Monday,2,4,187.0,Steve McBroom,R11,the risk is vacations,5,50,250,3.0,open,schedule,2022-07-07 08:53:44,2022-07-07 08:53:44,0,Green,250.0,email,High
50,16,3.0,"Hi Steve, I completed my assigned action.",2022-02-23,0.0,closed,100,green,2022-01-19 09:20:37,2022-01-19 09:20:37,1,19,36.0,40.0,67.0,Prod User,I1-A1,,2022-03-01,1.0,open,75.0,green,,,,,,,,,,2,Wednesday,2,125,230.0,Jeff Marshawn,R1,Scope creep inflates scope. Uncontrolled changes and continuous growth of scope,4,60,240,1.0,open,scope_or_schedule_or_budget,2022-10-21 12:26:33,2022-10-21 12:28:35,0,Green,240.0,,High
56,11,23.0,Graphic restriction scenarios for I-270 & I-670 are sent to Dom to review. Due date has been extended to account for further testing with new template messaging.,2022-01-28,0.0,open,65,green,2022-01-20 15:34:09,2022-01-20 15:34:09,1,20,2.0,43.0,43.0,Jerri Shaw,I4-A1,Document review,2022-10-13,1.0,closed,50.0,red,,,,,,,,,,1,Friday,7,135,289.0,Steve McBroom,R1,There is a risk that the schedule would need to be extended in order to complete the project or could also be made shorter if resource efficiencies or approved work can be effectively planned in parallel.,4,55,220,6.0,open,Schedule,2023-03-28 09:44:05,2023-03-28 10:18:13,0,Green,219.25,"review, new",High
58,34,13.0,we need to meet and establish schedules for support staff to train on the new network,2022-01-21,0.0,open,10,green,2022-01-23 09:16:08,2022-01-23 09:16:08,1,23,2.0,44.0,42.0,Steve McBroom,I5-A1,Need to complete the design,2022-10-20,0.0,closed,50.0,yellow,,,,,,,,,,1,Friday,7,135,290.0,Paul Amodeo,R3,"There is a risk that the approved resources from Langara College are not available as required, due to vacation schedules, other projects or unplanned priority work within the organization.",5,40,200,,open,Schedule & Budget,2023-03-28 09:44:05,2023-03-28 09:44:05,1,Yellow,200.0,"need, new",High
60,36,42.0,set meetings and confirm people will be available,2022-02-17,0.0,open,20,green,2022-01-23 09:22:11,2022-01-23 09:22:11,1,23,4.0,45.0,5.0,Reggy Ralphson,I5-A2,install the flooring,2022-05-25,1.0,closed,60.0,green,,,,,,,,,,2,Thursday,7,135,,,R5,There is a risk that the communications are not thorough enough to keep all stakeholders informed at the level they need to properly support the team and make effective and timely decisions,3,15,45,,open,Schedule,2023-03-28 09:44:05,2023-03-28 09:44:05,0,Green,45.0,,Low
64,24,30.0,"Script; Service Plaza Response\6-16_Config_20211108-v3.SQL, 6.17 Response\SAE_Broadcast_Response_2022-01-24.sql -- Traffic Paces, Mobile Closure & Tunnel broadcast updates made in staging.",2022-02-04,1.0,open,95,green,2022-01-24 18:39:55,2022-01-24 18:39:55,1,24,17.0,48.0,36.0,Mitchel McBroom,I3-A1,,2022-05-06,1.0,closed,60.0,green,,,,,,,,,,2,Friday,2,135,290.0,Paul Amodeo,R9,There is a risk that the procurement of resources/hardware is hindered and causes a schedule delay; supply issues.,4,30,120,,open,Schedule,2023-03-28 10:09:15,2023-03-28 10:09:15,0,Green,119.8,response,Medium
65,39,30.0,Review with Nate/Todd to approve new changes to response messaging.,2022-02-04,1.0,open,0,green,2022-01-24 18:40:43,2022-01-24 18:40:43,1,24,4.0,49.0,111.0,Traxidy Gmail Acct,I8-A1,procedures for security training,2022-08-24,0.0,closed,100.0,green,,,,,,,,,,2,Friday,2,135,,,R10,There is a risk that the communications are not thorough enough to keep all stakeholders informed at the level they need to properly support the team and make effective and timely decisions,3,15,45,,open,Schedule,2023-03-28 10:09:15,2023-03-28 10:09:15,0,Green,45.15,"review, todd, nate, response, new",Low
67,9,13.0,this is an update,2022-01-28,1.0,open,60,green,2022-01-25 18:50:15,2022-01-25 18:50:15,1,25,56.0,50.0,103.0,B. Oswald,I1-A1,,2023-05-25,0.0,open,0.0,green,,,,,,,,,,1,Friday,2,135,289.0,Steve McBroom,R12,There is a risk that the scope of planned work could be reduced or increased to add enhanced benefits after working with Langara College during the Initiation and Discovery phase of the project. ,4,80,320,1.0,open,Scope & Schedule,2023-03-28 10:13:53,2023-03-28 10:18:13,0,Green,320.1,,High
68,25,32.0,"New plan of action discussed by Alex: Test John Mundy's account with the new CMM version that includes SAML authentication, rather than the current auth method.",2022-01-24,1.0,closed,100,green,2022-01-26 12:23:16,2022-01-26 12:23:16,1,26,56.0,51.0,104.0,M. Pedecine,I2-A1,,2022-08-15,0.0,open,0.0,green,,,,,,,,,,1,Monday,2,135,290.0,Paul Amodeo,R13,"There is a risk that the approved resources from Langara College are not available as required, due to vacation schedules, other projects or unplanned priority work within the organization.",5,40,200,,open,Schedule & Budget,2023-03-28 10:13:53,2023-03-28 10:13:53,0,Green,200.8,new,High
69,40,32.0,"Test John Mundy's account with the new CMM version that includes SAML authentication, rather than the current auth method.",2022-02-25,1.0,open,0,green,2022-01-26 12:25:05,2022-01-26 12:25:05,1,26,56.0,52.0,159.0,Steve Traxidy PM,I3-A1,provide contact information for tools vendor,2023-04-05,0.0,open,90.0,green,,,,,,,,,,2,Friday,2,135,290.0,Paul Amodeo,R14,There is a risk that the procurement of resources/hardware is hindered and causes a schedule delay; supply issues.,4,30,120,,open,Schedule,2023-03-28 10:13:53,2023-03-28 10:13:53,0,Green,119.8,new,Medium
70,41,52.0,"The ramp from N SR-176 to W 14th is not configured.""""",2022-02-11,1.0,open,0,green,2022-01-30 17:54:14,2022-01-30 17:54:14,1,30,56.0,53.0,104.0,M. Pedecine,I4-A1,produce supplier listing for selection meeting,2023-03-24,0.0,open,15.0,yellow,,,,,,,,,,2,Friday,2,135,,,R15,There is a risk that the communications are not thorough enough to keep all stakeholders informed at the level they need to properly support the team and make effective and timely decisions,3,15,45,,open,Schedule,2023-03-28 10:13:53,2023-03-28 10:13:53,0,Green,45.15,,Low
72,43,52.0,"Can we get the ramp from I-71 SB to I-90 WB added in?""""",2022-02-11,1.0,open,0,green,2022-01-30 17:56:57,2022-01-30 17:56:57,1,30,56.0,55.0,159.0,Steve Traxidy PM,I6-A1,Deliver equipment to site,2023-03-25,0.0,open,20.0,red,,,,,,,,,,2,Friday,2,135,289.0,Steve McBroom,R17,There is a risk that the scope of planned work could be reduced or increased to add enhanced benefits after working with Langara College during the Initiation and Discovery phase of the project. ,4,80,320,1.0,open,Scope & Schedule,2023-03-28 10:14:11,2023-03-28 10:18:13,0,Green,320.1,,High
73,44,52.0,"The ramp from NB 71 to W 14th is also not configured.""""",2022-02-11,1.0,open,0,green,2022-01-30 17:59:55,2022-01-30 17:59:55,1,30,60.0,56.0,107.0,M. Pedecine,I1-A1,provide venue contact info,2023-04-20,0.0,open,20.0,green,,,,,,,,,,2,Friday,2,135,290.0,Paul Amodeo,R18,"There is a risk that the approved resources from Langara College are not available as required, due to vacation schedules, other projects or unplanned priority work within the organization.",5,40,200,,open,Schedule & Budget,2023-03-28 10:14:11,2023-03-28 10:14:11,2,Red,200.0,,High
74,21,30.0,General Event Response Config was needed to begin response.,2022-02-04,1.0,open,20,green,2022-02-03 09:00:37,2022-02-03 09:00:37,2,3,60.0,57.0,108.0,B. Oswald,I2-A1,setup meetings as required and report,2023-03-31,0.0,open,0.0,green,,,,,,,,,,2,Friday,2,135,290.0,Paul Amodeo,R19,There is a risk that the procurement of resources/hardware is hindered and causes a schedule delay; supply issues.,4,30,120,,open,Schedule,2023-03-28 10:14:11,2023-03-28 10:14:11,0,Green,119.8,response,Medium
75,45,54.0,Contact vendor,2022-02-11,1.0,open,5,green,2022-02-07 07:31:01,2022-02-07 07:31:01,2,7,56.0,54.0,159.0,Steve Traxidy PM,I5-A2,Develop blueprints for HVAC build,2023-03-21,0.0,open,40.0,green,,,,,,,,,,2,Friday,2,135,,,R20,There is a risk that the communications are not thorough enough to keep all stakeholders informed at the level they need to properly support the team and make effective and timely decisions,3,15,45,,open,Schedule,2023-03-28 10:14:11,2023-03-28 10:14:11,0,Green,45.0,,Low
80,44,52.0,"The ramp from NB 71 to W 14th is also not configured.""""",2022-02-11,1.0,closed,100,green,2022-02-12 14:51:51,2022-02-12 14:51:51,2,12,64.0,61.0,115.0,Brian Oswald,I1-A1,,2022-03-18,1.0,closed,0.0,green,,,,,,,,,,2,Friday,2,135,,,R25,There is a risk that the communications are not thorough enough to keep all stakeholders informed at the level they need to properly support the team and make effective and timely decisions,3,15,45,,open,Schedule,2023-03-28 10:18:13,2023-03-28 10:18:13,0,Green,45.7,,Low
81,43,52.0,Ramp update pushed to production on Friday Feb 11,2022-02-11,1.0,closed,100,green,2022-02-12 14:52:29,2022-02-12 14:52:29,2,12,64.0,62.0,115.0,Brian Oswald,I2-A1,,2022-04-01,1.0,closed,25.0,green,,,,,,,,,,2,Friday,2,137,293.0,Steve McBroom,R1,There is a risk that the schedule would need to be extended in order to complete the project or could also be made shorter if resource efficiencies or approved work can be effectively planned in parallel.,4,55,220,2.0,open,Schedule,2023-03-28 10:27:49,2023-03-28 10:27:49,0,Green,219.05,,High
82,41,52.0,Ramp update pushed to production on Friday Feb 11,2022-02-11,1.0,closed,100,green,2022-02-12 14:52:39,2022-02-12 14:52:39,2,12,64.0,63.0,115.0,Brian Oswald,I3-A1,,2022-04-15,1.0,closed,0.0,green,,,,,,,,,,2,Friday,2,137,293.0,Steve McBroom,R2,There is a risk that the scope of planned work could be reduced or increased to add enhanced benefits after working with Langara College during the Initiation and Discovery phase of the project. ,4,80,320,1.0,open,Scope & Schedule,2023-03-28 10:27:49,2023-03-28 10:27:49,0,Green,320.1,,High
83,24,30.0,Updates pushed to PTC Staging,2022-02-04,1.0,closed,100,green,2022-02-12 14:56:48,2022-02-12 14:56:48,2,12,64.0,64.0,115.0,Brian Oswald,I4-A1,,2022-04-01,1.0,closed,50.0,green,,,,,,,,,,2,Friday,2,137,294.0,Paul Amodeo,R3,"There is a risk that the approved resources from Langara College are not available as required, due to vacation schedules, other projects or unplanned priority work within the organization.",5,40,200,,open,Schedule & Budget,2023-03-28 10:27:49,2023-03-28 10:27:49,1,Yellow,200.8,,High
84,23,30.0,Mitchel to send email to Nate & Todd RE: Tunnel Response Plans.,2022-02-04,0.0,open,75,green,2022-02-12 14:58:06,2022-02-12 14:58:06,2,12,72.0,65.0,120.0,Prasad Joshi,I1-A1,,2022-03-17,0.0,open,0.0,green,,,,,,,,,,2,Friday,2,137,294.0,Paul Amodeo,R4,There is a risk that the procurement of resources/hardware is hindered and causes a schedule delay; supply issues.,4,30,120,,open,Schedule,2023-03-28 10:27:49,2023-03-28 10:27:49,1,Yellow,119.8,"todd, nate, response, email",Medium
85,22,30.0,"After monthly check-in meeting on Wednesday, this response was not discussed as a priority and therefore is removed from the list of PTC response items planned for 6.17.",2022-02-04,1.0,closed,0,green,2022-02-12 15:04:22,2022-02-12 15:04:22,2,12,69.0,66.0,179.0,Steve McBroom,I1-A1,,2022-04-13,0.0,open,95.0,green,,,,,,,,,,2,Friday,2,137,,,R5,There is a risk that the communications are not thorough enough to keep all stakeholders informed at the level they need to properly support the team and make effective and timely decisions,3,15,45,,open,Schedule,2023-03-28 10:27:49,2023-03-28 10:27:49,0,Green,45.15,"meeting, response",Low
86,21,30.0,"Nate to send Mitchel the latest response spreadsheet - Includes RC response messaging for 'IN', 'BI', and first DMS response.",2022-02-04,1.0,open,30,green,2022-02-12 15:05:41,2022-02-12 15:05:41,2,12,69.0,67.0,179.0,Steve McBroom,I2-A1,,2022-04-15,1.0,open,20.0,green,,,,,,,,,,2,Friday,2,138,,,R1,risk is there is a thing,4,80,320,1.0,open,Scope & Schedule & Budget,2023-03-28 12:34:07,2023-03-28 12:34:07,0,Green,320.1,"nate, response",High
122,34,13.0,we need to meet and establish schedules for support staff to train on the new network,2022-03-10,0.0,open,20,green,2022-03-05 13:11:58,2022-03-05 13:11:58,3,5,70.0,92.0,147.0,Rodger Singh,I2-A1,,2022-05-10,0.0,open,90.0,green,,,,,,,,,,3,Thursday,2,150,,,R2,might fall down,2,65,130,,open,budget,2023-04-10 11:33:22,2023-04-10 11:33:22,0,Green,130.0,"need, new",Medium
123,58,42.0,work on this to make sure there is something to be done,2022-03-14,0.0,open,10,green,2022-03-05 13:12:51,2022-03-05 13:12:51,3,5,70.0,92.0,144.0,Stella Walker,I2-A2,,2022-03-30,0.0,open,50.0,green,,,,,,,,,,3,Monday,2,150,,,R3,could lose money,3,40,120,,open,scope_and_schedule_and_budget,2023-04-10 11:33:22,2023-04-10 11:33:22,0,Green,120.0,work,Medium
124,58,42.0,we continue to work through this,2022-03-14,0.0,open,30,green,2022-03-05 13:13:13,2022-03-05 13:13:13,3,5,70.0,93.0,147.0,Rodger Singh,I3-A1,,2022-03-25,0.0,closed,0.0,green,,,,,,,,,,3,Monday,2,150,,,R4,might be wrong color,3,75,225,3.0,open,schedule,2023-04-10 11:33:22,2023-04-10 11:33:23,0,Green,224.7,work,High
129,60,5.0,need to review laest standards for tech document inclusion,2022-03-15,0.0,open,10,green,2022-03-05 14:32:48,2022-03-05 14:32:48,3,5,1.0,97.0,72.0,Jerri Shaw,I3-A1,Develop support desk training binder,2022-09-04,0.0,open,30.0,red,,,,,,,,,,3,Tuesday,2,150,,,R9,check it out,2,80,160,,open,schedule,2023-04-10 11:33:23,2023-04-10 11:33:23,0,Green,163.1,"review, need",Medium
162,71,,Get it Done,2022-08-15,0.0,open,0,green,2022-03-14 08:41:23,2022-03-14 08:41:23,3,14,96.0,126.0,183.0,Mitchel McBroom,I4-A1,,2022-04-10,1.0,closed,100.0,green,,,,,,,,,,8,Monday,2,156,,,R1,risk is there is a thing,4,75,300,1.0,open,scope_or_schedule_or_budget,2023-04-17 11:59:16,2023-04-17 11:59:16,0,Green,300.0,,High
163,71,,we are still going ok,2022-08-15,0.0,open,15,green,2022-03-14 09:36:39,2022-03-14 09:36:39,3,14,79.0,127.0,166.0,jk keay,I2-A1,,2022-04-30,1.0,open,0.0,green,,,,,,,,,,8,Monday,2,156,,,R2,might fall down,2,65,130,,open,budget,2023-04-17 11:59:16,2023-04-17 11:59:16,0,Green,130.0,,Medium
164,75,,issues with leaking water in the area mopping up is needed each day. will try to get permanent fix,2022-03-19,0.0,open,0,green,2022-03-14 09:44:00,2022-03-14 09:44:00,3,14,98.0,128.0,188.0,Mitchel McBroom,I1-A1,,2022-07-31,0.0,open,90.0,green,,,,,,,,,,3,Saturday,2,156,,,R3,could lose money,3,40,120,,open,scope_or_schedule_or_budget,2023-04-17 11:59:16,2023-04-17 11:59:16,0,Green,120.0,,Medium
172,69,114.0,xxxxxxxxxxxxxx,2022-08-15,0.0,open,10,green,2022-03-14 11:15:20,2022-03-14 11:15:20,3,14,17.0,134.0,36.0,Mitchel McBroom,I8-A1,,2022-05-20,1.0,closed,100.0,green,,,,,,,,,,8,Monday,2,160,,,R2,might fall down,2,65,130,,open,budget,2023-04-17 12:13:47,2023-04-17 12:13:47,0,Green,130.0,,Medium
175,80,115.0,"Get covid information to DCO to allow site access, schedule Arts HS site visit",2022-03-18,1.0,open,0,green,2022-03-14 14:07:33,2022-03-14 14:07:33,3,14,96.0,137.0,183.0,Mitchel McBroom,I5-A1,,2022-04-30,1.0,closed,100.0,green,,,,,,,,,,3,Friday,2,161,,,R2,might fall down,2,65,130,,open,budget,2023-04-17 12:19:48,2023-04-17 12:19:48,1,Yellow,130.0,information,Medium
176,81,115.0,"Get quotes from contractors (Limbach, Binsky, McCloskey) for GWC work.",2022-04-01,0.0,open,25,green,2022-03-14 14:12:04,2022-03-14 14:12:04,3,14,96.0,138.0,183.0,Mitchel McBroom,I6-A1,,2022-04-19,1.0,closed,100.0,green,,,,,,,,,,4,Friday,2,161,,,R3,could lose money,3,40,120,,open,scope_or_schedule_or_budget,2023-04-17 12:19:48,2023-04-17 12:19:48,0,Green,120.0,work,Medium
177,80,115.0,"Get covid information to DCO to allow site access, schedule Arts HS site visit",2022-03-18,0.0,open,0,green,2022-03-14 14:12:52,2022-03-14 14:12:52,3,14,96.0,139.0,183.0,Mitchel McBroom,I7-A1,,2022-04-20,1.0,closed,100.0,green,,,,,,,,,,3,Friday,2,162,,,R1,risk is there is a thing,4,75,300,1.0,open,scope_or_schedule_or_budget,2023-04-17 12:27:11,2023-04-17 12:27:11,2,Red,300.0,information,High
178,82,115.0,Need valve info from AME and then McCloskey can provide a quote for valve replacement work,2022-04-15,0.0,open,0,green,2022-03-14 14:14:59,2022-03-14 14:14:59,3,14,96.0,140.0,183.0,Mitchel McBroom,I8-A1,,2022-04-28,1.0,closed,100.0,green,,,,,,,,,,4,Friday,2,162,,,R2,might fall down,2,65,130,,open,budget,2023-04-17 12:27:11,2023-04-17 12:27:11,1,Yellow,130.0,"need, work",Medium
179,83,115.0,Need pricing breakout for UV and AHU work from ICC,2022-04-01,0.0,open,0,green,2022-03-14 14:25:43,2022-03-14 14:25:43,3,14,17.0,141.0,36.0,Mitchel McBroom,I9-A1,,2022-04-19,0.0,closed,100.0,green,,,,,,,,,,4,Friday,2,162,,,R3,could lose money,3,40,120,,open,scope_or_schedule_or_budget,2023-04-17 12:27:11,2023-04-17 12:27:11,2,Red,120.0,"need, work",Medium
201,93,128.0,Create action items spreadsheet,2022-03-19,0.0,closed,100,green,2022-03-18 13:25:08,2022-03-18 13:25:08,3,18,30.0,158.0,194.0,John Doe,I1-A1,,2022-05-17,0.0,done,0.0,green,,,,,,,,,,3,Saturday,2,166,,,R1,risk is there is a thing,4,75,300,1.0,open,scope_or_schedule_or_budget,2023-04-17 13:14:11,2023-04-17 13:14:11,2,Red,300.0,,High
211,103,129.0,To be finalized when bylaws finalized. Wording including âexecutive directorâ and âartistic directorâ to be changed to reflect titles in bylaws,2022-05-31,0.0,open,50,green,2022-03-18 13:49:52,2022-03-18 13:49:52,3,18,95.0,167.0,182.0,Mitchel McBroom,I4-A1,,2022-06-06,1.0,closed,100.0,green,,,,,,,,,,5,Tuesday,2,167,,,R2,might fall down,2,65,130,,open,budget,2023-04-17 13:27:18,2023-04-17 13:27:18,0,Green,130.0,,Medium
212,104,128.0,Add statement of expenses to Jan 3 meeting minutes and submit final draft for board review,2022-03-01,0.0,closed,100,green,2022-03-18 13:51:18,2022-03-18 13:51:18,3,18,98.0,168.0,188.0,Mitchel McBroom,I3-A1,,2022-06-08,1.0,closed,100.0,green,,,,,,,,,,3,Tuesday,2,167,,,R3,could lose money,3,40,120,,open,scope_or_schedule_or_budget,2023-04-17 13:27:18,2023-04-17 13:27:18,0,Green,120.0,"meeting, review",Medium
213,105,128.0,To be completed in Traxidy. Email board members regarding process for review and completion of action items.,2022-03-25,0.0,open,90,green,2022-03-18 13:52:36,2022-03-18 13:52:36,3,18,98.0,169.0,188.0,Mitchel McBroom,I4-A1,,2022-06-30,0.0,closed,100.0,green,,,,,,,,,,3,Friday,2,167,,,R4,might fall down,2,65,130,,open,budget,2023-04-17 13:27:18,2023-04-17 13:27:18,0,Green,130.0,"review, email",Medium
214,106,132.0,Adjust legal invoice from Kate back to December 2021 as final Dec 31 to balance books.,2022-04-01,0.0,open,0,green,2022-03-18 13:53:37,2022-03-18 13:53:37,3,18,17.0,170.0,36.0,Mitchel McBroom,I15-A1,,2022-08-31,0.0,closed,100.0,green,,,,,,,,,,4,Friday,2,167,,,R5,could lose TOO MUCH money,3,75,225,3.0,open,scope_or_schedule_or_budget,2023-04-17 13:27:18,2023-04-17 13:27:18,2,Red,224.2,,High
215,107,130.0,Finalize bylaws amendments for final draft submission to community members hopefully in the Spring,2022-05-31,0.0,open,90,green,2022-03-18 13:54:47,2022-03-18 13:54:47,3,18,17.0,171.0,36.0,Mitchel McBroom,I16-A1,,2022-08-31,1.0,closed,100.0,green,,,,,,,,,,5,Tuesday,2,167,,,R6,might be wrong SIZE,3,75,225,3.0,open,,2023-04-17 13:27:18,2023-04-17 13:27:18,1,Yellow,223.7,,High
216,108,132.0,Obtain quote for Lynx meadows and lynx point sign light repair. May need total replacement. Lights on lynx point sign appears illuminated but very dim.,2022-04-07,0.0,open,0,green,2022-03-18 13:56:11,2022-03-18 13:56:11,3,18,1.0,172.0,72.0,Jerri Shaw,I5-A1,Develop firewall info for support,2022-09-03,0.0,open,55.0,red,,,,,,,,,,4,Thursday,2,167,,,R7,risk that we drop out,4,65,260,2.0,open,,2023-04-17 13:27:18,2023-04-17 13:27:18,1,Yellow,260.0,need,High
217,109,133.0,"Contractor h2o pro has done it historically, most recently quoted at $4500 flat charge plus service/ shop rates. James electric was a potential alternate contractor. Chris to find alternate bids. Back up generators are inside the building along with all specific info on the system. Carl would need to contact H2O pro to access lift station building.",2022-04-07,0.0,open,0,green,2022-03-18 13:58:40,2022-03-18 13:58:40,3,18,1.0,172.0,71.0,Reggy Ralphson,I5-A2,Add Security Docs,2022-08-31,0.0,open,25.0,red,,,,,,,,,,4,Thursday,2,167,,,R8,could lose MORE money,3,40,120,,open,scope_or_schedule_or_budget,2023-04-17 13:27:18,2023-04-17 13:27:18,1,Yellow,120.0,need,Medium
218,110,128.0,Create talking points/ agenda for meeting,2022-03-31,0.0,open,0,green,2022-03-18 13:59:26,2022-03-18 13:59:26,3,18,1.0,172.0,72.0,Jerri Shaw,I5-A3,develop hardware wiring diagrams,2022-10-21,1.0,open,60.0,green,,,,,,,,,,3,Thursday,2,167,,,R9,might be wrong color,3,55,165,,open,schedule_and_scope,2023-04-17 13:27:18,2023-04-17 13:27:18,2,Red,164.35,meeting,Medium
238,61,111.0,changes to new owner,2022-04-02,0.0,open,45,green,2022-03-21 14:55:58,2022-03-21 14:55:58,3,21,4.0,186.0,206.0,Alley Beal,I10-A1,paint exterior walls,2022-09-07,0.0,open,35.0,yellow,,,,,,,,,,4,Saturday,2,170,,,R4,might fall down,2,65,130,,open,budget,2023-04-17 13:54:15,2023-04-17 13:54:15,0,Green,130.0,new,Medium
240,60,5.0,need to review laest standards for tech document inclusion,2022-04-05,0.0,open,25,green,2022-03-21 14:56:30,2022-03-21 14:56:30,3,21,95.0,188.0,182.0,Mitchel McBroom,I5-A1,,2022-06-13,1.0,closed,100.0,green,,,,,,,,,,4,Tuesday,2,170,,,R6,might be wrong SIZE,3,75,225,5.0,open,scope,2023-04-17 13:54:15,2023-04-20 15:34:55,0,Green,224.7,"review, need",High
242,80,115.0,Walkthrough completed,2022-03-18,1.0,open,0,green,2022-03-21 14:56:59,2022-03-21 14:56:59,3,21,4.0,189.0,187.0,Steve McBroom,I11-A2,complete contract for signature,2022-08-03,0.0,open,40.0,green,,,,,,,,,,3,Friday,2,170,,,R8,could lose MORE money,3,40,120,,open,scope_or_schedule_or_budget,2023-04-17 13:54:15,2023-04-17 13:54:15,0,Green,120.0,,Medium
243,8,12.0,"having some issues getting the meetings I need to continue, but will escalate with my boss",2022-03-23,0.0,open,75,green,2022-03-21 14:57:12,2022-03-21 14:57:12,3,21,95.0,190.0,182.0,Mitchel McBroom,I6-A1,,2022-07-29,0.0,closed,10.0,green,,,,,,,,,,3,Wednesday,2,126,237.0,R. J. Batherson,R5,The risk that we will not have the proper license to open in time,5,80,400,1.0,open,scope_and_schedule,2023-04-19 11:05:21,2024-01-16 13:39:46,0,Green,391.0,need,High
244,124,147.0,sssssssss,2022-03-25,0.0,open,0,green,2022-03-21 16:18:57,2022-03-21 16:18:57,3,21,95.0,191.0,182.0,Mitchel McBroom,I7-A1,,2022-07-29,0.0,closed,0.0,green,,,,,,,,,,3,Friday,2,170,,,R9,risk is there is a thing,4,75,300,1.0,open,scope_or_schedule_or_budget,2023-04-20 15:34:55,2023-04-20 15:34:55,2,Red,300.0,,High
245,121,145.0,ddddddddddddddddd,2022-03-22,0.0,open,90,green,2022-03-21 16:19:56,2022-03-21 16:19:56,3,21,95.0,192.0,182.0,Mitchel McBroom,I8-A1,,2022-07-29,0.0,closed,0.0,green,,,,,,,,,,3,Tuesday,2,170,,,R10,might fall down,2,65,130,,open,budget,2023-04-20 15:34:55,2023-04-20 15:34:55,0,Green,130.0,,Medium
246,125,145.0,fffffffffffffffff,2022-03-23,0.0,open,0,green,2022-03-21 16:21:15,2022-03-21 16:21:15,3,21,95.0,193.0,182.0,Mitchel McBroom,I9-A1,,2022-06-16,1.0,closed,100.0,green,,,,,,,,,,3,Wednesday,2,170,,,R11,could lose money,3,40,120,,open,scope_or_schedule_or_budget,2023-04-20 15:34:55,2023-04-20 15:34:55,0,Green,120.0,,Medium
250,40,32.0,"Test John Mundy's account with the new CMM version that includes SAML authentication, rather than the current auth method.",2022-02-25,1.0,closed,100,green,2022-03-21 19:41:20,2022-03-21 19:41:20,3,21,111.0,196.0,211.0,Andrew Spiers,I1-A2,,2022-07-29,0.0,open,0.0,green,,,,,,,,,,2,Friday,2,170,,,R15,risk that we drop out,4,65,260,3.0,open,budget_and_scope,2023-04-20 15:34:55,2023-04-20 15:34:55,0,Green,260.0,new,High
251,12,25.0,Meeting with Gavincko; Milemarker buffer has been created successfully (marker-replacement data set is created) - next step is to review the error spots.,2022-04-30,1.0,open,35,green,2022-03-21 19:43:33,2022-03-21 19:43:33,3,21,17.0,197.0,36.0,Mitchel McBroom,I19-A1,,2022-06-24,1.0,closed,100.0,green,,,,,,,,,,4,Saturday,2,170,,,R16,could lose MORE money,3,40,120,,open,scope_or_schedule_or_budget,2023-04-20 15:34:55,2023-04-20 15:34:55,0,Green,120.0,"meeting, review",Medium
252,33,38.0,Send a memo of 6.17 Planned Changes to Michael Pack (requested to be CC'd on email) and to Jeff Beard.,2022-02-07,1.0,closed,100,green,2022-03-21 19:44:27,2022-03-21 19:44:27,3,21,17.0,198.0,36.0,Mitchel McBroom,I20-A1,,2022-07-08,1.0,closed,100.0,green,,,,,,,,,,2,Monday,2,171,,,R1,risk is there is a thing,4,75,300,1.0,open,scope_or_schedule_or_budget,2023-04-20 15:43:42,2023-04-20 15:43:42,0,Green,300.0,email,High
253,31,38.0,Release 6.17 User Acceptance Testing,2022-02-21,0.0,closed,100,green,2022-03-21 19:44:41,2022-03-21 19:44:41,3,21,17.0,199.0,36.0,Mitchel McBroom,I21-A1,,2022-08-26,0.0,open,20.0,green,,,,,,,,,,2,Monday,2,171,,,R2,might fall down,2,65,130,,open,budget,2023-04-20 15:43:42,2023-04-20 15:43:42,0,Green,130.0,,Medium
254,30,38.0,Release 6.17 Test Cases,2022-02-07,1.0,closed,100,green,2022-03-21 19:44:51,2022-03-21 19:44:51,3,21,17.0,200.0,36.0,Mitchel McBroom,I22-A1,,2022-07-31,0.0,closed,100.0,green,,,,,,,,,,2,Monday,2,171,,,R3,could lose money,3,40,120,,open,scope_or_schedule_or_budget,2023-04-20 15:43:42,2023-04-20 15:43:42,0,Green,120.0,,Medium
255,32,37.0,Release 6.17 Go-Live,2022-03-08,1.0,closed,100,green,2022-03-21 19:45:03,2022-03-21 19:45:03,3,21,17.0,201.0,36.0,Mitchel McBroom,I23-A1,,2022-08-31,1.0,closed,100.0,green,,,,,,,,,,3,Tuesday,2,172,,,R1,risk is there is a thing,4,75,300,1.0,open,scope_or_schedule_or_budget,2023-04-20 15:50:41,2023-04-20 15:50:41,0,Green,300.0,,High
256,127,72.0,action here,2022-03-29,0.0,open,0,green,2022-03-22 09:56:13,2022-03-22 09:56:13,3,22,98.0,202.0,188.0,Mitchel McBroom,I5-A1,,2022-07-01,0.0,closed,100.0,green,,,,,,,,,,3,Tuesday,2,172,,,R2,might fall down,2,65,130,,open,budget,2023-04-20 15:50:41,2023-04-20 15:50:41,0,Green,130.0,,Medium
257,127,72.0,action here,2022-03-29,1.0,open,0,green,2022-03-22 09:56:31,2022-03-22 09:56:31,3,22,77.0,203.0,153.0,Mitchel McBroom,I17-A1,,2022-07-08,0.0,closed,100.0,green,,,,,,,,,,3,Tuesday,2,172,,,R3,could lose money,3,40,120,,open,scope_or_schedule_or_budget,2023-04-20 15:50:41,2023-04-20 15:50:41,0,Green,120.0,,Medium
258,127,72.0,action here,2022-03-29,1.0,closed,0,green,2022-03-22 09:56:44,2022-03-22 09:56:44,3,22,17.0,204.0,36.0,Mitchel McBroom,I24-A1,,2022-07-31,1.0,closed,100.0,green,,,,,,,,,,3,Tuesday,2,173,,,R1,risk is there is a thing,4,75,300,1.0,open,scope_or_schedule_or_budget,2023-04-20 16:18:59,2023-04-20 16:19:00,0,Green,300.0,,High
259,128,72.0,xxxxxxxxxxxxxxx,2022-03-29,0.0,open,0,green,2022-03-22 11:02:41,2022-03-22 11:02:41,3,22,77.0,205.0,153.0,Mitchel McBroom,I18-A1,,2022-08-31,0.0,open,10.0,green,,,,,,,,,,3,Tuesday,2,173,,,R2,might fall down,2,65,130,,open,budget,2023-04-20 16:19:00,2023-04-20 16:19:00,0,Green,130.0,,Medium
260,128,72.0,xxxxxxxxxxxxxxx,2022-03-29,1.0,open,0,green,2022-03-22 11:03:31,2022-03-22 11:03:31,3,22,77.0,206.0,153.0,Mitchel McBroom,I19-A1,,2022-08-26,1.0,open,90.0,green,,,,,,,,,,3,Tuesday,2,173,,,R3,could lose money,3,40,120,,open,scope_or_schedule_or_budget,2023-04-20 16:19:00,2023-04-20 16:19:00,0,Green,120.0,,Medium
261,128,72.0,xxxxxxxxxxxxxxx,2022-03-29,1.0,closed,0,green,2022-03-22 11:03:48,2022-03-22 11:03:48,3,22,96.0,181.0,183.0,Mitchel McBroom,I15-A3,,2022-07-08,1.0,closed,0.0,green,,,,,,,,,,3,Tuesday,2,174,,,R1,risk is there is a thing,4,75,300,1.0,open,scope_or_schedule_or_budget,2023-04-20 16:24:52,2023-04-20 16:24:52,0,Green,300.0,,High
262,129,72.0,ssssssssssssss,2022-03-29,0.0,open,0,green,2022-03-22 11:09:34,2022-03-22 11:09:34,3,22,17.0,207.0,36.0,Mitchel McBroom,I25-A1,,2022-08-31,1.0,closed,100.0,green,,,,,,,,,,3,Tuesday,2,174,,,R2,might fall down,2,65,130,,open,budget,2023-04-20 16:24:52,2023-04-20 16:24:52,0,Green,130.0,,Medium
263,130,72.0,sssssssssssssssssss,2022-03-29,0.0,open,0,green,2022-03-22 11:10:19,2022-03-22 11:10:19,3,22,107.0,208.0,204.0,Kimberly Coates,I1-A1,,2022-07-15,0.0,open,0.0,green,,,,,,,,,,3,Tuesday,2,174,,,R3,could lose money,3,40,120,,open,scope_or_schedule_or_budget,2023-04-20 16:24:52,2023-04-20 16:24:52,0,Green,120.0,,Medium
267,65,,decision by fred vp need  see change,2022-03-25,1.0,open,100,green,2022-03-23 15:36:33,2022-03-23 15:36:33,3,23,77.0,212.0,153.0,Mitchel McBroom,I20-A1,,2022-08-26,0.0,closed,0.0,green,,,,,,,,,,3,Friday,2,176,,,R1,risk is there is a thing,4,75,300,1.0,open,scope_or_schedule_or_budget,2023-04-20 17:03:06,2023-04-20 17:03:06,0,Green,300.0,need,High
269,120,128.0,Email sent to Rocky View County with map of water line attached (questions@rockyview.ca),2022-03-31,0.0,open,85,green,2022-03-23 18:39:38,2022-03-23 18:39:38,3,23,14.0,214.0,30.0,Mitchel McBroom,I8-A1,,2022-08-31,0.0,open,80.0,green,,,,,,,,,,3,Thursday,2,176,,,R3,could lose money,3,40,120,,open,scope_or_schedule_or_budget,2023-04-20 17:03:06,2023-04-20 17:03:06,0,Green,120.0,email,Medium
270,75,159.0,issues with leaking water in the area mopping up is needed each day. will try to get permanent fix,2022-03-19,0.0,open,0,green,2022-03-24 11:52:11,2022-03-24 11:52:11,3,24,14.0,215.0,30.0,Mitchel McBroom,I9-A1,,2022-08-31,0.0,open,20.0,green,,,,,,,,,,3,Saturday,2,177,,,R1,risk is there is a thing,4,75,300,1.0,open,scope_or_schedule_or_budget,2023-04-20 17:05:28,2023-04-20 17:05:28,0,Green,300.0,,High
271,71,159.0,This is more difficult than expected. I have to meet with the VP to get more direction.,2022-03-24,0.0,open,70,green,2022-03-24 11:52:49,2022-03-24 11:52:49,3,24,77.0,216.0,153.0,Mitchel McBroom,I22-A1,,2022-08-31,0.0,open,60.0,green,,,,,,,,,,3,Thursday,2,177,,,R2,might fall down,2,65,130,,open,budget,2023-04-20 17:05:28,2023-04-20 17:05:28,0,Green,130.0,,Medium
276,65,,needed to go back and review documentation,2022-03-25,1.0,open,85,green,2022-03-24 13:04:01,2022-03-24 13:04:01,3,24,95.0,220.0,182.0,Mitchel McBroom,I11-A1,,2022-08-19,0.0,open,0.0,green,,,,,,,,,,3,Friday,2,179,,,R1,risk is there is a thing,4,75,300,2.0,open,scope_or_schedule_or_budget,2023-04-20 17:50:28,2023-04-20 17:50:28,0,Green,300.0,review,High
277,63,76.0,some more needed. will setup meetings,2022-03-21,0.0,open,30,green,2022-03-24 13:04:33,2022-03-24 13:04:33,3,24,17.0,221.0,36.0,Mitchel McBroom,I27-A1,,2022-09-09,1.0,open,100.0,green,,,,,,,,,,3,Monday,2,179,,,R2,might fall down,2,65,130,,open,budget,2023-04-20 17:50:28,2023-04-20 17:50:28,0,Green,130.0,,Medium
278,35,1.0,"Take the concerns to the tech director for discussion and approval.
This was decided today in the meeting by Janice Wong. Given to her to proceed and set meeting and get approval.",2022-03-23,1.0,closed,90,green,2022-03-24 13:29:57,2022-03-24 13:29:57,3,24,77.0,222.0,153.0,Mitchel McBroom,I23-A1,,2022-08-31,0.0,open,0.0,green,,,,,,,,,,3,Wednesday,2,179,,,R3,could lose money,3,40,120,,open,scope_or_schedule_or_budget,2023-04-20 17:50:28,2023-04-20 17:50:28,0,Green,120.0,meeting,Medium
279,34,13.0,we need to meet and establish schedules for support staff to train on the new network,2022-03-31,0.0,open,60,green,2022-03-24 13:30:17,2022-03-24 13:30:17,3,24,77.0,223.0,153.0,Mitchel McBroom,I24-A1,,2022-09-30,0.0,open,0.0,green,,,,,,,,,,3,Thursday,2,179,,,R4,could fall down,4,50,200,,open,schedule,2023-04-20 17:50:28,2023-04-20 17:50:28,0,Green,200.8,"need, new",High
280,56,43.0,write tech docs,2022-03-24,0.0,open,85,green,2022-03-24 13:30:36,2022-03-24 13:30:36,3,24,2.0,29.0,152.0,Terry Tester,ACT1,Develop the list of peple to be trained,2022-09-28,0.0,open,0.0,yellow,,,,,,,,,,3,Thursday,2,179,,,R5,could be over-run with too many users,5,65,325,1.0,open,scope,2023-04-20 17:50:28,2023-04-20 17:50:28,0,Green,325.0,,High
281,14,27.0,try to do this with the system and see if the email goes ahead as planned,2022-03-31,0.0,open,60,green,2022-03-24 13:30:59,2022-03-24 13:30:59,3,24,2.0,224.0,152.0,Terry Tester,ISS1,work with HR to get the list of employees,2022-10-13,0.0,open,15.0,green,,,,,,,,,,3,Thursday,2,179,,,R6,could go on vacation,1,85,85,,open,schedule_and_budget,2023-04-20 17:50:28,2023-04-20 17:50:28,0,Green,84.95,email,Low
282,75,159.0,issues with leaking water in the area mopping up is needed each day. will try to get permanent fix,2022-03-19,0.0,open,20,green,2022-03-24 14:21:15,2022-03-24 14:21:15,3,24,2.0,224.0,43.0,Jerri Shaw,ISS2,set meet with Director HR,2022-09-07,0.0,closed,90.0,green,,,,,,,,,,3,Saturday,2,179,,,R7,risk that the whole thing is cancelled,2,90,180,,open,schedule_and_scope,2023-04-20 17:50:28,2023-04-20 17:50:28,0,Green,179.8,,Medium
284,80,115.0,Walkthrough completed,2022-03-18,1.0,closed,0,green,2022-03-25 13:04:12,2022-03-25 13:04:12,3,25,2.0,44.0,13.0,Steve Sammy,ACT3,build and install cabinets,2022-10-04,0.0,closed,0.0,red,,,,,,,,,,3,Friday,2,179,,,R9,could be over-run with too many tech issues,5,30,150,,open,scope,2023-04-20 17:50:28,2023-04-20 17:50:28,0,Green,151.8,,Medium
307,63,76.0,the VP was here and said to go ahead,2022-03-30,1.0,open,45,green,2022-03-31 08:51:37,2022-03-31 08:51:37,3,31,125.0,238.0,230.0,Jeff Marshawn,ACT3,ensure purchases are made for installation,2022-11-16,0.0,open,30.0,yellow,,,,,,,,,,3,Wednesday,2,185,,,R2,might fall down,2,65,130,,open,budget,2023-04-25 12:16:18,2023-04-25 12:16:18,0,Green,130.0,,Medium
308,71,159.0,ddddddddddddddd,2022-04-01,0.0,open,90,green,2022-03-31 09:20:50,2022-03-31 09:20:50,3,31,125.0,239.0,228.0,Sam Tigre,ISS2,Review needed for training schedule. It's not allowing enough people to attend,2022-11-15,0.0,open,50.0,red,,,,,,,,,,4,Friday,2,185,,,R3,could lose money again,3,40,120,,open,scope_or_schedule_or_budget,2023-04-25 12:16:18,2023-04-25 12:16:18,1,Yellow,120.0,,Medium
313,122,147.0,almost done,2022-05-10,1.0,open,90,green,2022-03-31 11:05:26,2022-03-31 11:05:26,3,31,126.0,243.0,259.0,Geray Shaw,ISS1,"Review, select and order the store security system",2024-01-23,0.0,open,65.0,yellow,,,,,,,,,,5,Tuesday,2,186,,,R3,could lose money again,3,40,120,,open,scope_or_schedule_or_budget,2023-04-25 12:21:29,2023-04-25 12:21:29,0,Green,120.0,,Medium
314,122,147.0,almost done,2022-05-10,0.0,open,90,green,2022-03-31 11:05:52,2022-03-31 11:05:52,3,31,126.0,243.0,260.0,Mary Kelly,ISS2,Install and test the store security system,2024-01-20,1.0,open,10.0,green,,,,,,,,,,5,Tuesday,2,186,,,R4,might fall down again,3,90,270,3.0,open,budget,2023-04-25 12:21:29,2023-04-28 10:28:37,0,Green,270.0,,High
315,65,111.0,Should be done tomorrow. Need to document my meeting notes and get approval to proceed.,2022-04-12,0.0,open,70,green,2022-03-31 17:46:19,2022-03-31 17:46:19,3,31,127.0,244.0,241.0,Diane Bart,ACT1,Complete section A,2023-10-13,1.0,closed,20.0,yellow,,,,,,,,,,4,Tuesday,2,186,,,R5,could lose money,4,65,260,5.0,open,scope_or_schedule_or_budget,2023-04-25 12:21:29,2023-04-28 10:28:37,0,Green,260.0,"meeting, need",High
316,140,182.0,Review the current documentation and prepare for meeting on Monday @ 10AM,2022-04-04,1.0,open,0,green,2022-04-02 18:25:50,2022-04-02 18:25:50,4,2,127.0,244.0,242.0,Frank Devo,ACT2,Complete section W,2023-07-06,0.0,done,65.0,red,,,,,,,,,,4,Monday,2,187,,,R1,risk is there is a thing,4,75,300,1.0,open,scope_or_schedule_or_budget,2023-04-25 12:28:22,2023-04-25 12:28:22,0,Green,300.0,"meeting, review",High
318,64,36.0,"I need to post a closure on SR-501 between National Rd and Ritchie Rd in Auglaize Co for a crash. It's not recognizing the mile marker at National Road and not allowing me to post. The incident is at the 7 MM and it won't even let me do that. Same with trying to post it anywhere within that stretch.""""",2022-04-30,1.0,open,0,green,2022-04-02 19:28:20,2022-04-02 19:28:20,4,2,127.0,245.0,242.0,Frank Devo,ISS1,Follow up with your supplier to finalize pricing and delivery timeline,2024-02-07,0.0,open,65.0,yellow,,,,,,,,,,4,Saturday,2,187,,,R3,could lose money again,3,40,120,,open,scope_or_schedule_or_budget,2023-04-25 12:28:22,2023-04-25 12:28:22,0,Green,120.0,need,Medium
319,142,36.0,DESTAPE Data Re-Config: SR-161 - Replace M-Milepost data with P-Mileposts,2022-04-30,1.0,open,0,green,2022-04-02 19:29:35,2022-04-02 19:29:35,4,2,127.0,246.0,239.0,Sam Sheppard,ACT4,Consolidate and input content from all areas,2024-03-20,0.0,open,55.0,yellow,,,,,,,,,,4,Saturday,2,187,,,R4,might fall down again,3,90,270,2.0,open,budget,2023-04-25 12:28:22,2023-04-25 12:28:22,0,Green,270.0,,High
327,39,30.0,Review with Nate/Todd to approve new changes to response messaging.,2022-04-30,1.0,open,20,green,2022-04-02 19:36:36,2022-04-02 19:36:36,4,2,125.0,251.0,225.0,Steve McBroom,ACT4,work needs to be done,2023-01-13,0.0,open,60.0,green,,,,,,,,,,4,Saturday,2,188,,,R7,risk 002,1,75,75,,open,budget,2023-04-25 12:34:18,2023-04-25 12:34:18,0,Green,75.0,"review, todd, nate, response, new",Low
328,23,30.0,Mitchel to send email to Nate & Todd RE: Tunnel Response Plans.,2022-04-04,1.0,open,75,green,2022-04-02 19:36:45,2022-04-02 19:36:45,4,2,125.0,251.0,225.0,Steve McBroom,ACT5,more work needs to be done with this,2022-12-09,0.0,open,10.0,yellow,,,,,,,,,,4,Monday,2,188,,,R8,risk 003,5,10,50,,closed,schedule_and_budget,2023-04-25 12:34:18,2023-05-25 13:15:34,0,Green,50.0,"todd, nate, response, email",Low
329,138,153.0,"Bug report created -- Since the county selection list is presented based on the areas within the county shapefile, the fact that there are areas missing means there might be a larger issue at hand.",2022-05-31,1.0,open,20,green,2022-04-02 19:38:46,2022-04-02 19:38:46,4,2,125.0,251.0,228.0,Sam Tigre,ACT6,something more here,2022-12-04,0.0,open,25.0,green,,,,,,,,,,5,Tuesday,2,188,528.0,Steve McBroom,R9,risk 004,5,75,375,1.0,open,schedule_and_scope,2023-04-25 12:34:18,2023-05-25 13:16:23,0,Green,372.5,,High
331,146,153.0,ATMS Weather Meeting - Need to reply and schedule time for meeting discussed previously.,2022-04-04,0.0,open,0,green,2022-04-02 19:42:06,2022-04-02 19:42:06,4,2,125.0,251.0,261.0,Nihal Shaikh,ACT8,test action for Nihal,2022-12-03,0.0,open,5.0,yellow,,,,,,,,,,4,Monday,2,188,,,R11,risk 006,3,90,270,3.0,open,budget_and_scope,2023-04-25 12:34:18,2023-05-25 13:16:23,0,Green,270.0,"meeting, need",High
335,140,182.0,Review the current documentation and prepare for meeting on Monday @ 10AM,2022-04-04,1.0,closed,100,green,2022-04-04 13:34:14,2022-04-04 13:34:14,4,4,132.0,253.0,284.0,Traxidy Nine,ACT1,Develop budget and get approval,2023-09-20,1.0,done,30.0,green,,,,,,,,,,4,Monday,2,188,528.0,Steve McBroom,R15,risk 010,4,65,260,5.0,open,schedule_and_budget,2023-04-25 12:34:18,2023-05-25 13:16:23,0,Green,260.0,"meeting, review",High
336,150,182.0,"Use Bertina's OneNote files & Anthony's spreadsheet to begin refining the User Manual - First need to review track changes in comparison to OneNote. Then to remove clutter,  and determine a colour coding highlight system to differentiate between the 3 bridge groups (IBA, BWB, FBCL). Provide status update by end of week (April 8th).",2022-04-08,1.0,open,0,green,2022-04-04 13:41:31,2022-04-04 13:41:31,4,4,132.0,253.0,282.0,Jake Cherkovski,ACT2,Obtain sponsorship from partners.,2024-02-07,1.0,open,35.0,green,,,,,,,,,,4,Friday,2,188,,,R16,risk 011,5,20,100,,closed,scope,2023-04-25 12:34:18,2023-05-25 13:15:04,0,Green,99.8,"review, need",Low
337,151,153.0,Update to 3 lanes on I-76 from 200.8 to 226.8.,2022-04-08,1.0,open,0,green,2022-04-04 15:17:25,2022-04-04 15:17:25,4,4,132.0,253.0,612.0,Steve McBroom,ACT3,Secure one of the MIS3 execs for a speaking role at the event. Secure time on the stage too.,2024-01-30,0.0,done,35.0,yellow,,,,,,,,,,4,Friday,2,188,528.0,Steve McBroom,R17,risk 012,1,75,75,,open,schedule,2023-04-25 12:34:18,2023-05-24 13:55:07,0,Green,75.0,,Low
338,146,153.0,Meeting scheduled for April 11 @ 1:00PM,2022-04-04,1.0,open,100,green,2022-04-04 15:49:55,2022-04-04 15:49:55,4,4,132.0,253.0,512.0,Jerri Shaw,ACT4,ensure we have all the pieces to our regular MIS3 booth set up together and ship to location.,2024-01-30,0.0,open,0.0,green,,,,,,,,,,4,Monday,2,188,,,R18,risk 013,5,10,50,,open,budget,2023-04-25 12:34:18,2023-04-25 12:34:18,0,Green,50.0,meeting,Low
339,146,153.0,Meeting scheduled for April 11 @ 1:00PM,2022-04-04,1.0,closed,100,green,2022-04-04 15:50:03,2022-04-04 15:50:03,4,4,132.0,254.0,612.0,Steve McBroom,ACT5,Develop social ads and info to promote the event.,2024-03-06,0.0,open,55.0,yellow,,,,,,,,,,4,Monday,2,189,,,R1,risk is there is a thing,4,75,300,3.0,open,scope_or_schedule_or_budget,2023-04-25 12:46:56,2023-04-27 16:50:13,0,Green,300.0,meeting,High
340,145,153.0,"ATMS Staging Testing reveals that planned events (Diversions, Planned, Road Conditions) are not activating service tasks, whereas incidents (Congestion, Incidents) are activating correctly.",2022-04-08,0.0,open,60,green,2022-04-04 15:55:05,2022-04-04 15:55:05,4,4,132.0,255.0,612.0,Steve McBroom,ISS1,get permission to spend rush fees,2024-02-01,0.0,open,25.0,green,,,,,,,,,,4,Friday,2,189,,,R2,might fall down,2,65,130,,open,budget,2023-04-25 12:46:56,2023-04-25 12:46:56,0,Green,130.0,,Medium
341,152,135.0,Create solar panel guidelines for architectural standards,2022-04-07,0.0,open,0,green,2022-04-05 13:02:58,2022-04-05 13:02:58,4,5,133.0,256.0,554.0,Traxidy Nine,ACT1,Set schedule,2023-03-03,0.0,open,0.0,green,,,,,,,,,,4,Thursday,2,189,,,R3,could lose money again,3,40,120,,open,scope_or_schedule_or_budget,2023-04-25 12:46:56,2023-04-25 12:46:56,0,Green,120.0,,Medium
342,120,128.0,Email with Rick Deans @ RVC revealed that the line has been decommissioned and poses no threat to fire suppression in the future. The fire department has inspected and tagged the de-rated hydrants so they are aware of how to appropriately use them in an emergency situation. Rick offered to investigate the cost of re-looping second line to phase two but it was implied that the condo corp would foot the bill. No further action at this time. Forwarded email correspondence to the board.,2022-03-31,0.0,closed,100,green,2022-04-05 13:12:36,2022-04-05 13:12:36,4,5,133.0,256.0,553.0,Traxidy Eight,ACT2,Confirm attendance,2023-06-14,0.0,open,0.0,green,,,,,,,,,,3,Thursday,2,189,,,R4,might fall down again,3,90,270,5.0,open,budget,2023-04-25 12:46:56,2023-04-27 16:50:13,0,Green,270.0,email,High
343,114,128.0,Attend meeting April 4 @ 1pm - 2pm at Tuscany Fire Station Board Room,2022-04-04,0.0,closed,0,green,2022-04-05 13:12:51,2022-04-05 13:12:51,4,5,133.0,256.0,554.0,Traxidy Nine,ACT3,Order food for work lunch in room,2023-06-01,0.0,open,0.0,green,,,,,,,,,,4,Monday,2,189,,,R5,could lose money,4,65,260,11.0,open,scope_or_schedule_or_budget,2023-04-25 12:46:56,2023-04-27 16:50:13,0,Green,260.0,meeting,High
344,113,129.0,Attend meeting April 4 @ 1pm - 2pm at Tuscany Fire Station Board Room,2022-04-04,0.0,closed,100,green,2022-04-05 13:13:04,2022-04-05 13:13:04,4,5,133.0,257.0,269.0,Steve Traxidy7 PM,ISS1,schedule has too many conflicts and needs to be redone,2023-12-21,0.0,open,0.0,green,,,,,,,,,,4,Monday,2,189,,,R6,risk 001,5,20,100,,open,schedule,2023-04-25 12:46:56,2023-04-25 12:46:56,1,Yellow,99.8,meeting,Low
345,112,131.0,Attend meeting April 4 @ 1pm - 2pm at Tuscany Fire Station Board Room,2022-04-04,0.0,closed,100,green,2022-04-05 13:13:12,2022-04-05 13:13:12,4,5,134.0,258.0,272.0,Nihal Shaikh,ACT1,Descriptoion,2023-03-09,0.0,open,0.0,green,,,,,,,,,,4,Monday,2,189,,,R7,risk 002,1,75,75,,open,budget,2023-04-25 12:46:56,2023-04-25 12:46:56,0,Green,75.0,meeting,Low
346,110,128.0,Meeting agenda and supporting documents emailed to Henry & Rhonda.,2022-03-31,0.0,closed,100,green,2022-04-05 13:13:46,2022-04-05 13:13:46,4,5,132.0,254.0,512.0,Jerri Shaw,ACT6,Arrange for rooms,2023-07-05,0.0,done,90.0,green,,,,,,,,,,3,Thursday,2,189,,,R8,risk 003,5,10,50,,open,schedule_and_budget,2023-04-25 12:46:56,2023-04-25 12:46:56,0,Green,50.0,meeting,Low
347,149,183.0,Booked and approved by Alex,2022-04-05,1.0,open,100,green,2022-04-05 16:24:52,2022-04-05 16:24:52,4,5,135.0,259.0,289.0,Steve McBroom,ISS1,Send out the Level of Effort sheet to MIS3 Team as required,2023-01-16,0.0,open,0.0,green,,,,,,,,,,4,Tuesday,2,189,,,R9,risk 004,5,75,375,1.0,open,schedule_and_scope,2023-04-25 12:46:56,2023-04-27 16:50:13,0,Green,375.25,,High
348,153,183.0,PTC Trip Hotel,2022-04-06,0.0,open,0,green,2022-04-05 16:25:21,2022-04-05 16:25:21,4,5,135.0,260.0,289.0,Steve McBroom,ISS2,Provide MIS3 blank RFP Response for Sales into the shared drive,2023-02-17,0.0,open,0.0,green,,,,,,,,,,4,Wednesday,2,189,,,R10,risk 005,5,15,75,,open,schedule_and_scope,2023-04-25 12:46:56,2023-04-25 12:46:56,0,Green,75.2,,Low
349,149,183.0,Booked and approved by Alex,2022-04-05,1.0,closed,100,green,2022-04-05 16:25:38,2022-04-05 16:25:38,4,5,135.0,261.0,290.0,Paul Amodeo,ISS3,Meet/Review the Traxidy RFP plan with full team. Set Up meet in Traxidy and send out 'meeting minutes',2023-02-19,0.0,open,0.0,green,,,,,,,,,,4,Tuesday,2,189,,,R11,risk 006,3,90,270,5.0,open,budget_and_scope,2023-04-25 12:46:56,2023-04-27 16:50:13,0,Green,270.0,,High
350,148,183.0,Covid Results complete,2022-04-04,1.0,closed,100,green,2022-04-05 16:26:11,2022-04-05 16:26:11,4,5,135.0,262.0,290.0,Paul Amodeo,ISS4,"Send out RFP questions to client, if any",2023-02-19,0.0,open,0.0,green,,,,,,,,,,4,Monday,2,189,,,R12,risk 007,4,65,260,11.0,open,scope_or_schedule_or_budget,2023-04-25 12:46:56,2023-04-27 16:50:13,0,Green,260.0,,High
351,154,182.0,Wednesday Updates to be made,2022-04-06,1.0,open,0,green,2022-04-05 16:30:03,2022-04-05 16:30:03,4,5,135.0,263.0,0.0,Unknown,ISS5,Ensure all LOE forms are returned to the shared drive and are complete,2023-02-20,0.0,open,0.0,green,,,,,,,,,,4,Wednesday,2,189,,,R13,risk 008,5,20,100,,open,budget_and_scope,2023-04-25 12:46:56,2023-04-25 12:46:56,0,Green,99.8,,Low
352,155,182.0,Thursday Work,2022-04-07,1.0,open,0,green,2022-04-05 16:30:59,2022-04-05 16:30:59,4,5,135.0,264.0,0.0,Unknown,ISS6,Complete the PMO level of effort LOE sheet & return to the shared drive,2023-02-18,0.0,open,0.0,green,,,,,,,,,,4,Thursday,2,189,,,R14,risk 009,3,90,270,5.0,open,schedule_and_scope,2023-04-25 12:46:56,2023-04-27 16:50:13,0,Green,270.0,work,High
353,155,182.0,Thursday Updates to be made,2022-04-07,1.0,open,0,green,2022-04-05 16:31:15,2022-04-05 16:31:15,4,5,135.0,265.0,291.0,Kevin Matt,ISS7,Ensure your information is complete for the RFP response and in the shared drive,2023-02-22,0.0,open,0.0,green,,,,,,,,,,4,Thursday,2,189,,,R15,risk 010,4,65,260,11.0,open,schedule_and_budget,2023-04-25 12:46:56,2023-04-27 16:50:13,2,Red,260.0,,High
354,156,182.0,Friday Status Update & Work,2022-04-08,1.0,open,0,green,2022-04-05 16:31:42,2022-04-05 16:31:42,4,5,135.0,266.0,292.0,Shawn Brook,ISS8,Ensure your information is complete for the RFP response and in the shared drive,2023-02-23,0.0,open,0.0,green,,,,,,,,,,4,Friday,2,189,,,R16,risk 011,5,20,100,,open,scope,2023-04-25 12:46:56,2023-04-25 12:46:56,0,Green,99.8,work,Low
355,145,153.0,"From Alex: Need to add External Agency"" to the general response for ALL missing event types and then finish the config.""",2022-04-08,0.0,open,85,green,2022-04-05 19:52:43,2022-04-05 19:52:43,4,5,135.0,267.0,0.0,Unknown,ISS9,Ensure your Partner Response costing is complete and in the shared drive,2023-02-19,0.0,open,0.0,green,,,,,,,,,,4,Friday,2,189,,,R17,risk 012,1,75,75,,open,schedule,2023-04-25 12:46:56,2023-04-25 12:46:56,0,Green,75.0,"response, need",Low
356,145,153.0,"From Alex: Need to add External Agency"" to the general response for ALL missing event types and then finish the config.""",2022-04-05,0.0,open,85,green,2022-04-05 19:52:55,2022-04-05 19:52:55,4,5,135.0,268.0,0.0,Unknown,ISS10,Set up a meeting to review final information if required,2023-02-20,0.0,open,0.0,green,,,,,,,,,,4,Tuesday,2,189,,,R18,risk 013,5,10,50,,open,budget,2023-04-25 12:46:56,2023-04-25 12:46:56,0,Green,50.0,"response, need",Low
357,23,30.0,Mitchel to send email to Nate & Todd RE: Tunnel Response Plans.,2022-04-05,1.0,open,75,green,2022-04-05 19:54:01,2022-04-05 19:54:01,4,5,135.0,269.0,0.0,Unknown,ISS11,Put together the final RFP response into the shared drive,2023-02-25,0.0,open,0.0,green,,,,,,,,,,4,Tuesday,2,189,,,R19,risk is there is a thing,4,75,300,3.0,open,scope_or_schedule_or_budget,2023-04-27 16:50:11,2023-04-27 16:50:13,0,Green,300.0,"todd, nate, response, email",High
359,153,183.0,Residence Inn or Sheridan Hotels - Alex,2022-04-06,1.0,open,50,green,2022-04-06 18:04:03,2022-04-06 18:04:03,4,6,135.0,271.0,0.0,Unknown,ISS13,"Record learnings, if any",2023-03-02,0.0,open,0.0,green,,,,,,,,,,4,Wednesday,2,189,,,R21,could lose money again,3,40,120,,open,scope_or_schedule_or_budget,2023-04-27 16:50:11,2023-04-27 16:50:11,0,Green,120.0,,Medium
360,152,135.0,To be approved at BOD meeting April 7,2022-04-07,0.0,closed,100,green,2022-04-06 18:08:33,2022-04-06 18:08:33,4,6,135.0,272.0,289.0,Steve McBroom,ISS14,Send out the Level of Effort sheet to MIS3 Team as required,2023-01-16,0.0,open,0.0,green,,,,,,,,,,4,Thursday,2,189,,,R22,might fall down again,3,90,270,5.0,open,budget,2023-04-27 16:50:11,2023-04-27 16:50:13,0,Green,270.0,meeting,High
361,145,153.0,Responded to Todd's email - Currently Testing and need to determine source of bug.,2022-04-15,0.0,open,85,green,2022-04-06 18:53:40,2022-04-06 18:53:40,4,6,135.0,273.0,289.0,Steve McBroom,ISS15,Provide MIS3 blank RFP Response for Sales into the shared drive,2023-02-17,0.0,open,0.0,green,,,,,,,,,,4,Friday,2,189,,,R23,could lose money,4,65,260,11.0,open,scope_or_schedule_or_budget,2023-04-27 16:50:12,2023-04-27 16:50:13,0,Green,260.0,"todd, need, email",High
362,153,183.0,Sheridan Booked,2022-04-06,1.0,closed,100,green,2022-04-07 10:11:31,2022-04-07 10:11:31,4,7,135.0,274.0,290.0,Paul Amodeo,ISS16,Meet/Review the Traxidy RFP plan with full team. Set Up meet in Traxidy and send out 'meeting minutes',2023-02-19,0.0,open,0.0,green,,,,,,,,,,4,Wednesday,2,189,,,R24,risk 001,5,20,100,,open,schedule,2023-04-27 16:50:12,2023-04-27 16:50:12,1,Yellow,99.8,,Low
363,144,23.0,Moved to Maintenance Project,2022-04-15,1.0,closed,100,green,2022-04-07 10:12:54,2022-04-07 10:12:54,4,7,135.0,275.0,290.0,Paul Amodeo,ISS17,"Send out RFP questions to client, if any",2023-02-19,0.0,open,0.0,green,,,,,,,,,,4,Friday,2,189,,,R25,risk 002,1,75,75,,open,budget,2023-04-27 16:50:12,2023-04-27 16:50:12,0,Green,75.0,,Low
364,158,36.0,Review with Mike to determine implementation.,2022-04-15,1.0,open,80,green,2022-04-07 10:14:07,2022-04-07 10:14:07,4,7,135.0,276.0,0.0,Unknown,ISS18,Ensure all LOE forms are returned to the shared drive and are complete,2023-02-20,0.0,open,0.0,green,,,,,,,,,,4,Friday,2,189,,,R26,risk 003,5,10,50,,open,schedule_and_budget,2023-04-27 16:50:12,2023-04-27 16:50:12,0,Green,50.0,review,Low
365,145,153.0,"Need to create JIRA, client facing ticket - Bug report created in DevOps - Need to confirm source of error with devs.",2022-04-15,0.0,open,85,green,2022-04-07 10:18:50,2022-04-07 10:18:50,4,7,135.0,277.0,0.0,Unknown,ISS19,Complete the PMO level of effort LOE sheet & return to the shared drive,2023-02-18,0.0,open,0.0,green,,,,,,,,,,4,Friday,2,189,,,R27,risk 004,5,75,375,1.0,open,schedule_and_scope,2023-04-27 16:50:12,2023-04-27 16:50:13,0,Green,375.25,need,High
366,159,153.0,"Part 1: [ATMS Construction/workzone feed does not include enough information. Ideally the public would be informed as to what interchanges (exists) are closed/impacted from closures/workzone]. Part 2: [Additionally, the public website should be consuming the ATMS API(s) for travel advisories but is still using feeds from iLog as ATMS travel advisory APIs do not contain interchange (exit) information.]",2022-06-30,0.0,open,0,green,2022-04-07 10:25:58,2022-04-07 10:25:58,4,7,135.0,278.0,291.0,Kevin Matt,ISS20,Ensure your information is complete for the RFP response and in the shared drive,2023-02-22,0.0,open,0.0,green,,,,,,,,,,6,Thursday,2,189,,,R28,risk 005,5,15,75,,open,schedule_and_scope,2023-04-27 16:50:12,2023-04-27 16:50:12,0,Green,75.2,information,Low
367,160,153.0,"Re-test Doug's error - The above error message quickly flashes every time you clear (close out) a Planned Event in ATMS.  The event still will close/clear, but the error

occurs every time.

 

This only occurs on clearing Planned Events and it flashes so quickly you canât even read it.  Above screenshot is from a video that was taken to capture the verbiage error message.",2022-04-08,0.0,open,10,green,2022-04-07 10:27:45,2022-04-07 10:27:45,4,7,135.0,279.0,292.0,Shawn Brook,ISS21,Ensure your information is complete for the RFP response and in the shared drive,2023-02-23,0.0,open,0.0,green,,,,,,,,,,4,Friday,2,189,,,R29,risk 006,3,90,270,5.0,open,budget_and_scope,2023-04-27 16:50:12,2023-04-27 16:50:13,1,Yellow,270.0,,High
368,161,153.0,Call CMM operators (Lawrence Miccicke 717-445-3923 / Greg Diehl 814-444-3080) and respond to Brooke.,2022-04-08,1.0,open,5,green,2022-04-07 10:29:54,2022-04-07 10:29:54,4,7,135.0,280.0,0.0,Unknown,ISS22,Ensure your Partner Response costing is complete and in the shared drive,2023-02-19,0.0,open,0.0,green,,,,,,,,,,4,Friday,2,189,,,R30,risk 007,4,65,260,11.0,open,scope_or_schedule_or_budget,2023-04-27 16:50:12,2023-04-27 16:50:13,1,Yellow,260.0,,High
369,21,30.0,RC updated in Staging and notified Nate/Todd - Now waiting on review.,2022-04-08,1.0,open,70,green,2022-04-07 10:33:07,2022-04-07 10:33:07,4,7,135.0,281.0,0.0,Unknown,ISS23,Set up a meeting to review final information if required,2023-02-20,0.0,open,0.0,green,,,,,,,,,,4,Friday,2,189,,,R31,risk 008,5,20,100,,open,budget_and_scope,2023-04-27 16:50:12,2023-04-27 16:50:12,0,Green,99.8,"review, todd, nate",Low
370,21,30.0,RC updated in Staging and notified Nate/Todd - Now waiting on review.,2022-04-15,1.0,open,70,green,2022-04-07 10:33:29,2022-04-07 10:33:29,4,7,135.0,282.0,0.0,Unknown,ISS24,Put together the final RFP response into the shared drive,2023-02-25,0.0,open,0.0,green,,,,,,,,,,4,Friday,2,189,,,R32,risk 009,3,90,270,5.0,open,schedule_and_scope,2023-04-27 16:50:12,2023-04-27 16:50:13,0,Green,270.0,"review, todd, nate",High
371,39,30.0,Not sure what these changes are referring to...,2022-04-30,1.0,closed,20,green,2022-04-07 10:36:14,2022-04-07 10:36:14,4,7,135.0,283.0,0.0,Unknown,ISS25,Close project/tasks and submit closure report,2023-03-01,0.0,open,0.0,green,,,,,,,,,,4,Saturday,2,189,,,R33,risk 010,4,65,260,11.0,open,schedule_and_budget,2023-04-27 16:50:12,2023-04-27 16:50:13,0,Green,260.0,,High
372,162,183.0,Get covid results for flight,2022-04-10,1.0,open,0,green,2022-04-07 14:50:46,2022-04-07 14:50:46,4,7,135.0,284.0,0.0,Unknown,ISS26,"Record learnings, if any",2023-03-02,0.0,open,0.0,green,,,,,,,,,,4,Sunday,2,189,,,R34,risk 011,5,20,100,,open,scope,2023-04-27 16:50:12,2023-04-27 16:50:12,0,Green,99.8,,Low
373,155,182.0,Thursday Updates to be made,2022-04-07,1.0,closed,0,green,2022-04-08 11:22:06,2022-04-08 11:22:06,4,8,135.0,285.0,289.0,Steve McBroom,ISS27,Send out the Level of Effort sheet to MIS3 Team as required,2023-01-16,0.0,open,0.0,green,,,,,,,,,,4,Thursday,2,189,,,R35,risk 012,1,75,75,,open,schedule,2023-04-27 16:50:12,2023-04-27 16:50:12,0,Green,75.0,,Low
374,154,182.0,Wednesday Updates to be made,2022-04-06,1.0,closed,0,green,2022-04-08 11:22:13,2022-04-08 11:22:13,4,8,135.0,286.0,289.0,Steve McBroom,ISS28,Provide MIS3 blank RFP Response for Sales into the shared drive,2023-02-17,0.0,open,0.0,green,,,,,,,,,,4,Wednesday,2,189,,,R36,risk 013,5,10,50,,open,budget,2023-04-27 16:50:13,2023-04-27 16:50:13,0,Green,49.5,,Low
375,163,166.0,get it starte,2022-04-30,0.0,open,0,green,2022-04-09 13:19:04,2022-04-09 13:19:04,4,9,135.0,287.0,290.0,Paul Amodeo,ISS29,Meet/Review the Traxidy RFP plan with full team. Set Up meet in Traxidy and send out 'meeting minutes',2023-02-19,0.0,open,0.0,green,,,,,,,,,,4,Saturday,2,186,,,R6,risk is there is a thing,4,75,300,1.0,open,scope_or_schedule_or_budget,2023-04-28 10:28:37,2023-04-28 10:28:37,1,Yellow,300.0,,High
376,163,166.0,it's time to make a decision to this are isn't empty,2022-04-30,1.0,open,0,green,2022-04-09 13:19:35,2022-04-09 13:19:35,4,9,135.0,288.0,290.0,Paul Amodeo,ISS30,"Send out RFP questions to client, if any",2023-02-19,0.0,open,0.0,green,,,,,,,,,,4,Saturday,2,186,,,R7,might fall down,2,65,130,,open,budget,2023-04-28 10:28:37,2023-04-28 10:28:37,0,Green,130.0,,Medium
377,162,183.0,Get covid results for flight,2022-04-10,1.0,closed,100,green,2022-04-10 23:14:22,2022-04-10 23:14:22,4,10,135.0,289.0,0.0,Unknown,ISS31,Ensure all LOE forms are returned to the shared drive and are complete,2023-02-20,0.0,open,0.0,green,,,,,,,,,,4,Sunday,2,186,,,R8,could lose money again,3,40,120,,open,scope_or_schedule_or_budget,2023-04-28 10:28:37,2023-04-28 10:28:37,0,Green,120.0,,Medium
378,147,183.0,Review Documents,2022-04-15,1.0,open,0,green,2022-04-10 23:14:38,2022-04-10 23:14:38,4,10,135.0,290.0,0.0,Unknown,ISS32,Complete the PMO level of effort LOE sheet & return to the shared drive,2023-02-18,0.0,open,0.0,green,,,,,,,,,,4,Friday,2,186,,,R9,might fall down again,3,90,270,3.0,open,budget,2023-04-28 10:28:37,2023-04-28 10:28:37,0,Green,270.0,review,High
379,161,153.0,Called Greg and Lawrence - Not sure if Lawrence's phone number is a corporate one but it asked for extension. Left message on Greg's phone to see if he wanted to call back.,2022-04-08,1.0,open,100,green,2022-04-11 15:31:51,2022-04-11 15:31:51,4,11,135.0,291.0,291.0,Kevin Matt,ISS33,Ensure your information is complete for the RFP response and in the shared drive,2023-02-22,0.0,open,0.0,green,,,,,,,,,,4,Friday,2,186,,,R10,could lose money,4,65,260,5.0,open,scope_or_schedule_or_budget,2023-04-28 10:28:37,2023-04-28 10:28:37,0,Green,260.0,,High
380,161,153.0,Called Greg and Lawrence - Not sure if Lawrence's phone number is a corporate one but it asked for extension. Left message on Greg's phone to see if he wanted to call back.,2022-04-08,1.0,closed,100,green,2022-04-11 15:32:02,2022-04-11 15:32:02,4,11,135.0,292.0,292.0,Shawn Brook,ISS34,Ensure your information is complete for the RFP response and in the shared drive,2023-02-23,0.0,open,0.0,green,,,,,,,,,,4,Friday,2,190,,,R1,risk is there is a thing,4,75,300,1.0,open,scope_or_schedule_or_budget,2023-04-28 10:34:10,2023-04-28 10:34:10,0,Green,300.0,,High
381,61,111.0,decision to move date out by 14 days with Director approval,2022-04-20,1.0,open,55,green,2022-04-11 16:58:26,2022-04-11 16:58:26,4,11,135.0,293.0,0.0,Unknown,ISS35,Ensure your Partner Response costing is complete and in the shared drive,2023-02-19,0.0,open,0.0,green,,,,,,,,,,4,Wednesday,2,190,,,R2,might fall down,2,65,130,,open,budget,2023-04-28 10:34:10,2023-04-28 10:34:10,0,Green,130.0,,Medium
382,62,,not much progress made but still moving forward,2022-04-12,0.0,open,30,green,2022-04-11 16:59:16,2022-04-11 16:59:16,4,11,135.0,294.0,0.0,Unknown,ISS36,Set up a meeting to review final information if required,2023-02-20,0.0,open,0.0,green,,,,,,,,,,4,Tuesday,2,190,,,R3,could lose money again,3,40,120,,open,scope_or_schedule_or_budget,2023-04-28 10:34:10,2023-04-28 10:34:10,0,Green,120.0,,Medium
383,60,5.0,need to review laest standards for tech document inclusion,2022-04-15,0.0,open,45,green,2022-04-11 16:59:47,2022-04-11 16:59:47,4,11,135.0,295.0,0.0,Unknown,ISS37,Put together the final RFP response into the shared drive,2023-02-25,0.0,open,0.0,green,,,,,,,,,,4,Friday,2,190,,,R4,might fall down again,3,90,270,2.0,open,budget,2023-04-28 10:34:10,2023-04-28 10:34:10,0,Green,270.0,"review, need",High
384,63,76.0,may need more time but will try to complete over the weekend,2022-04-10,1.0,open,75,green,2022-04-11 17:01:09,2022-04-11 17:01:09,4,11,135.0,296.0,0.0,Unknown,ISS38,Close project/tasks and submit closure report,2023-03-01,0.0,open,0.0,green,,,,,,,,,,4,Sunday,2,132,612.0,Steve McBroom,R1,for the first time this will be the only project that has resource constraints,5,75,375,1.0,open,budget,2023-05-04 14:08:38,2024-01-17 09:15:44,0,Green,375.75,need,High
385,71,159.0,all done,2022-04-01,0.0,closed,100,green,2022-04-11 18:12:20,2022-04-11 18:12:20,4,11,135.0,297.0,0.0,Unknown,ISS39,"Record learnings, if any",2023-03-02,0.0,open,0.0,green,,,,,,,,,,4,Friday,2,191,,,R1,risk is there is a thing,4,75,300,1.0,open,scope_or_schedule_or_budget,2023-05-25 17:07:38,2023-05-25 17:07:38,0,Green,300.0,,High
386,75,159.0,have pushe the date out and will have it done next week,2022-04-22,0.0,open,60,green,2022-04-11 18:12:51,2022-04-11 18:12:51,4,11,135.0,298.0,289.0,Steve McBroom,ISS40,Send out the Level of Effort sheet to MIS3 Team as required,2023-01-16,0.0,open,0.0,green,,,,,,,,,,4,Friday,2,191,,,R2,might fall down,2,65,130,,open,budget,2023-05-25 17:07:38,2023-05-25 17:07:38,0,Green,130.0,,Medium
387,160,153.0,Error was reproducible and Bug Report created in DevOps,2022-04-08,0.0,closed,100,green,2022-04-11 19:39:40,2022-04-11 19:39:40,4,11,135.0,299.0,289.0,Steve McBroom,ISS41,Provide MIS3 blank RFP Response for Sales into the shared drive,2023-02-17,0.0,open,0.0,green,,,,,,,,,,4,Friday,2,191,,,R3,could lose money again,3,40,120,,open,scope_or_schedule_or_budget,2023-05-25 17:07:38,2023-05-25 17:07:38,0,Green,120.0,,Medium
388,23,30.0,Email sent to Todd/Nate,2022-04-05,1.0,closed,100,green,2022-04-11 19:40:10,2022-04-11 19:40:10,4,11,135.0,300.0,290.0,Paul Amodeo,ISS42,Meet/Review the Traxidy RFP plan with full team. Set Up meet in Traxidy and send out 'meeting minutes',2023-02-19,0.0,open,0.0,green,,,,,,,,,,4,Tuesday,2,191,,,R4,might fall down again,3,90,270,2.0,open,budget,2023-05-25 17:07:38,2023-05-25 17:07:38,0,Green,270.0,"todd, nate, email",High
389,159,153.0,https://outlook.office365.com/mail/deeplink?ItemID=AQMkADhiZTMxZDIwLTM0NzEtNDcwMS05MjVjLTJjZmFmMDc0ODViMwBGAAAD9bAwqCbDfU2A3WnRAnjdwQcA6CWqal5ZBkS%2Fq6XISr1QHQAAAgEMAAAApjQngYR%2BvU%2BHihygeq5JLQACtJfJAwAAAA%3D%3D&exvsurl=1,2022-06-30,0.0,open,0,green,2022-04-12 10:13:58,2022-04-12 10:13:58,4,12,135.0,301.0,290.0,Paul Amodeo,ISS43,"Send out RFP questions to client, if any",2023-02-19,0.0,open,0.0,green,,,,,,,,,,6,Thursday,2,192,,,R1,risk is there is a thing,4,75,300,3.0,open,scope_or_schedule_or_budget,2023-05-25 17:29:28,2023-06-12 16:21:10,0,Green,300.0,,High
390,150,182.0,"Use Bertina's OneNote files & Anthony's spreadsheet to begin refining the User Manual - First need to review track changes in comparison to OneNote. Then to remove clutter,  and determine a colour coding highlight system to differentiate between the 3 bridge groups (IBA, BWB, FBCL). Provide status update by end of week (April 8th).",2022-04-15,1.0,open,10,green,2022-04-12 10:55:10,2022-04-12 10:55:10,4,12,135.0,302.0,0.0,Unknown,ISS44,Ensure all LOE forms are returned to the shared drive and are complete,2023-02-20,0.0,open,0.0,green,,,,,,,,,,4,Friday,2,192,,,R2,might fall down,2,65,130,,open,budget,2023-05-25 17:29:28,2023-05-25 17:29:28,0,Green,130.0,"review, need",Medium
391,156,182.0,Mitchel's plan to create spreadsheet out of document comments grouping sections/issues/updates together. Also need to begin to colour code the different sections of the document with regard to the separate bridge stakeholder groups.,2022-04-14,1.0,open,10,green,2022-04-12 11:09:13,2022-04-12 11:09:13,4,12,135.0,303.0,0.0,Unknown,ISS45,Complete the PMO level of effort LOE sheet & return to the shared drive,2023-02-18,0.0,open,0.0,green,,,,,,,,,,4,Thursday,2,192,,,R3,could lose money again,3,40,120,,open,scope_or_schedule_or_budget,2023-05-25 17:29:28,2023-05-25 17:29:28,0,Green,120.0,need,Medium
392,164,188.0,PTC Road Conditions script is waiting to be applied to PTC Prod. Will need to restart services for update to take place due to Event Cause changes.,2022-04-15,0.0,open,0,green,2022-04-12 11:27:32,2022-04-12 11:27:32,4,12,135.0,304.0,291.0,Kevin Matt,ISS46,Ensure your information is complete for the RFP response and in the shared drive,2023-02-22,0.0,open,0.0,green,,,,,,,,,,4,Friday,2,192,,,R4,might fall down again,3,90,270,5.0,open,budget,2023-05-25 17:29:28,2023-06-12 16:21:10,0,Green,270.0,need,High
393,165,176.0,deliver work for phase one,2022-04-20,0.0,open,15,green,2022-04-12 11:56:22,2022-04-12 11:56:22,4,12,135.0,305.0,292.0,Shawn Brook,ISS47,Ensure your information is complete for the RFP response and in the shared drive,2023-02-23,0.0,open,0.0,green,,,,,,,,,,4,Wednesday,2,192,,,R5,could be over-run with too many users,5,65,325,1.0,open,schedule_and_budget,2023-05-25 17:29:28,2023-06-12 16:21:10,0,Green,325.0,work,High
394,86,179.0,need to continue to work this,2022-04-15,0.0,open,20,green,2022-04-12 12:00:18,2022-04-12 12:00:18,4,12,135.0,306.0,0.0,Unknown,ISS48,Ensure your Partner Response costing is complete and in the shared drive,2023-02-19,0.0,open,0.0,green,,,,,,,,,,4,Friday,2,192,,,R6,could go on vacation,1,85,85,,open,schedule_and_scope,2023-05-25 17:29:28,2023-05-25 17:29:28,0,Green,84.95,"need, work",Low
395,86,179.0,VP has given us more days to get this done. per meeting today,2022-04-15,1.0,open,20,green,2022-04-12 12:01:00,2022-04-12 12:01:00,4,12,135.0,307.0,0.0,Unknown,ISS49,Set up a meeting to review final information if required,2023-02-20,0.0,open,0.0,green,,,,,,,,,,4,Friday,2,192,,,R7,risk that the whole thing is cancelled,2,90,180,,open,budget,2023-05-25 17:29:28,2023-05-25 17:29:28,1,Yellow,179.8,meeting,Medium
396,85,179.0,approval expected tomorrow,2022-04-13,0.0,open,95,green,2022-04-12 12:02:06,2022-04-12 12:02:06,4,12,135.0,308.0,0.0,Unknown,ISS50,Put together the final RFP response into the shared drive,2023-02-25,0.0,open,0.0,green,,,,,,,,,,4,Wednesday,2,192,,,R8,risk that the thing does not work at all,4,20,80,,open,schedule,2023-05-25 17:29:28,2023-05-25 17:29:28,1,Yellow,80.1,,Low
397,166,180.0,review requirements from cust ops and document process,2022-04-20,0.0,open,10,green,2022-04-12 12:04:32,2022-04-12 12:04:32,4,12,135.0,309.0,0.0,Unknown,ISS51,Close project/tasks and submit closure report,2023-03-01,0.0,open,0.0,green,,,,,,,,,,4,Wednesday,2,193,,,R1,risk is there is a thing,4,75,300,5.0,open,scope_or_schedule_or_budget,2023-05-25 17:52:42,2023-06-12 16:15:45,0,Green,300.0,review,High
398,167,180.0,produce use cases,2022-04-27,0.0,open,0,green,2022-04-12 12:05:07,2022-04-12 12:05:07,4,12,135.0,310.0,0.0,Unknown,ISS52,"Record learnings, if any",2023-03-02,0.0,open,0.0,green,,,,,,,,,,4,Wednesday,2,193,,,R2,might fall down,2,65,130,,open,budget,2023-05-25 17:52:42,2023-05-25 17:52:42,0,Green,130.0,,Medium
399,129,72.0,still working on it,2022-04-15,0.0,open,25,green,2022-04-12 12:47:41,2022-04-12 12:47:41,4,12,135.0,311.0,289.0,Steve McBroom,ISS53,Send out the Level of Effort sheet to MIS3 Team as required,2023-01-16,0.0,open,0.0,green,,,,,,,,,,4,Friday,2,193,,,R3,could lose money again,3,40,120,,open,scope_or_schedule_or_budget,2023-05-25 17:52:42,2023-05-25 17:52:42,0,Green,120.0,,Medium
400,36,42.0,trying to get meetings set,2022-04-12,0.0,open,55,green,2022-04-12 12:49:27,2022-04-12 12:49:27,4,12,135.0,312.0,289.0,Steve McBroom,ISS54,Provide MIS3 blank RFP Response for Sales into the shared drive,2023-02-17,0.0,open,0.0,green,,,,,,,,,,4,Tuesday,2,193,,,R4,might fall down again,3,90,270,9.0,open,budget,2023-05-25 17:52:42,2023-06-12 16:15:45,0,Green,270.0,,High
401,56,43.0,write tech docs,2022-04-11,0.0,open,95,green,2022-04-12 12:49:43,2022-04-12 12:49:43,4,12,135.0,313.0,290.0,Paul Amodeo,ISS55,Meet/Review the Traxidy RFP plan with full team. Set Up meet in Traxidy and send out 'meeting minutes',2023-02-19,0.0,open,0.0,green,,,,,,,,,,4,Monday,2,193,,,R5,could be over-run with too many users,5,65,325,1.0,open,schedule_and_budget,2023-05-25 17:52:42,2023-06-12 16:15:45,0,Green,325.0,,High
402,34,13.0,we need to meet and establish schedules for support staff to train on the new network,2022-05-18,0.0,open,85,green,2022-04-12 12:49:58,2022-04-12 12:49:58,4,12,135.0,314.0,290.0,Paul Amodeo,ISS56,"Send out RFP questions to client, if any",2023-02-19,0.0,open,0.0,green,,,,,,,,,,5,Wednesday,2,193,,,R6,could go on vacation,1,85,85,,open,schedule_and_scope,2023-05-25 17:52:43,2023-05-25 17:52:43,0,Green,84.95,"need, new",Low
403,14,27.0,try to do this with the system and see if the email goes ahead as planned,2022-04-13,0.0,open,60,green,2022-04-12 12:50:15,2022-04-12 12:50:15,4,12,135.0,315.0,0.0,Unknown,ISS57,Ensure all LOE forms are returned to the shared drive and are complete,2023-02-20,0.0,open,0.0,green,,,,,,,,,,4,Wednesday,2,193,,,R7,risk that the whole thing is cancelled,2,90,180,,open,budget,2023-05-25 17:52:43,2023-05-25 17:52:43,0,Green,179.8,email,Medium
404,9,13.0,this is an update,2022-04-07,1.0,open,90,green,2022-04-12 12:50:37,2022-04-12 12:50:37,4,12,135.0,316.0,0.0,Unknown,ISS58,Complete the PMO level of effort LOE sheet & return to the shared drive,2023-02-18,0.0,open,0.0,green,,,,,,,,,,4,Thursday,2,193,,,R8,risk that the thing does not work at all,4,20,80,,open,schedule,2023-05-25 17:52:43,2023-05-25 17:52:43,1,Yellow,80.1,,Low
405,8,12.0,work in progress,2022-04-20,0.0,open,95,green,2022-04-12 12:51:38,2022-04-12 12:51:38,4,12,135.0,317.0,291.0,Kevin Matt,ISS59,Ensure your information is complete for the RFP response and in the shared drive,2023-02-22,0.0,open,0.0,green,,,,,,,,,,4,Wednesday,41,193,,,R9,risk is there is a thing,4,75,300,5.0,open,scope_or_schedule_or_budget,2023-06-12 16:14:37,2023-06-12 16:15:45,1,Yellow,300.0,work,High
408,151,153.0,Update to 3 lanes on I-76 from 200.8 to 226.8.,2022-04-15,1.0,open,0,green,2022-04-12 13:33:39,2022-04-12 13:33:39,4,12,135.0,320.0,0.0,Unknown,ISS62,Set up a meeting to review final information if required,2023-02-20,0.0,open,0.0,green,,,,,,,,,,4,Friday,41,193,,,R12,might fall down again,3,90,270,9.0,open,budget,2023-06-12 16:14:37,2023-06-12 16:15:45,0,Green,270.0,,High
409,168,153.0,MB_CHAINAGE I-76 from MP 199 to 200,2022-04-15,1.0,open,20,green,2022-04-12 13:35:02,2022-04-12 13:35:02,4,12,135.0,321.0,0.0,Unknown,ISS63,Put together the final RFP response into the shared drive,2023-02-25,0.0,open,0.0,green,,,,,,,,,,4,Friday,41,193,,,R13,could be over-run with too many users,5,65,325,1.0,open,schedule_and_budget,2023-06-12 16:14:37,2023-06-12 16:15:45,1,Yellow,325.0,,High
410,168,153.0,MB_CHAINAGE I-76 EAST from MP 199 to 200 (>198.9 MP and <200.1 milepost are correctly sticking).,2022-04-15,1.0,open,20,green,2022-04-12 13:38:15,2022-04-12 13:38:15,4,12,135.0,322.0,0.0,Unknown,ISS64,Close project/tasks and submit closure report,2023-03-01,0.0,open,0.0,green,,,,,,,,,,4,Friday,41,193,,,R14,could go on vacation,1,85,85,,open,schedule_and_scope,2023-06-12 16:14:37,2023-06-12 16:14:37,0,Green,84.95,,Low
411,169,30.0,Why isn't the General Alert location/county selection process the same as with the weather event selection process window (i.e. Why doesn't the Gen Alert provide list of counties rather than the map/graphical selection used with the Weather Events?),2022-07-30,0.0,open,0,green,2022-04-12 14:43:57,2022-04-12 14:43:57,4,12,135.0,323.0,0.0,Unknown,ISS65,"Record learnings, if any",2023-03-02,0.0,open,0.0,green,,,,,,,,,,7,Saturday,41,193,,,R15,risk that the whole thing is cancelled,2,90,180,,open,budget,2023-06-12 16:14:37,2023-06-12 16:14:37,0,Green,179.5,,Medium
412,170,153.0,"CCTV Cameras need to be Included in API"" in order for block function to be activated.""",2022-04-15,1.0,open,0,green,2022-04-13 10:18:31,2022-04-13 10:18:31,4,13,137.0,324.0,293.0,Steve McBroom,ISS1,Send out the Level of Effort sheet to MIS3 Team as required,2023-01-16,0.0,open,0.0,green,,,,,,,,,,4,Friday,41,193,,,R16,risk that the thing does not work at all,4,20,80,,open,schedule,2023-06-12 16:14:37,2023-06-12 16:14:37,0,Green,80.0,need,Low
413,170,153.0,"CCTVs have been added to API via Camera Config and therefore will now have Block"" capability - Note that the ""Blocking"" applies only to the ATMS viewing because the PA511 camera feed comes straight from the CCTV VM feed and not from the API.""",2022-04-15,1.0,closed,100,green,2022-04-13 13:20:28,2022-04-13 13:20:28,4,13,137.0,325.0,293.0,Steve McBroom,ISS2,Provide MIS3 blank RFP Response for Sales into the shared drive,2023-02-17,0.0,open,0.0,green,,,,,,,,,,4,Friday,41,193,,,R17,risk is there is a thing,4,75,300,5.0,open,scope_or_schedule_or_budget,2023-06-12 16:15:01,2023-06-12 16:15:45,0,Green,300.0,,High
414,171,188.0,Hybrid signs have been set up - Waiting on confirmation from ISS before moving forward.,2022-04-30,0.0,open,40,green,2022-04-13 13:41:52,2022-04-13 13:41:52,4,13,137.0,326.0,294.0,Paul Amodeo,ISS3,Meet/Review the Traxidy RFP plan with full team. Set Up meet in Traxidy and send out 'meeting minutes',2023-02-19,0.0,open,0.0,green,,,,,,,,,,4,Saturday,41,193,,,R18,might fall down,2,65,130,,open,budget,2023-06-12 16:15:01,2023-06-12 16:15:01,0,Green,130.0,,Medium
415,171,188.0,Edit: Hybrid signs have been set up - Waiting for *calibration from ISS before moving forward.,2022-04-30,0.0,open,40,green,2022-04-13 13:43:47,2022-04-13 13:43:47,4,13,137.0,327.0,294.0,Paul Amodeo,ISS4,"Send out RFP questions to client, if any",2023-02-19,0.0,open,0.0,green,,,,,,,,,,4,Saturday,41,193,,,R19,could lose money again,3,40,120,,open,scope_or_schedule_or_budget,2023-06-12 16:15:01,2023-06-12 16:15:01,0,Green,120.0,,Medium
416,172,36.0,"ODOT asking to add a higher sequence template for ramp response - Messaging to be [LANE] CLOSED - [DISTANCE] AHEAD - TO [Ramp Head Roadway]"" (e.g. ""LEFT LANE CLOSED - 1 MILE AHEAD - TO E I-270"")""",2022-04-30,0.0,open,0,green,2022-04-13 14:55:00,2022-04-13 14:55:00,4,13,137.0,328.0,0.0,Unknown,ISS5,Ensure all LOE forms are returned to the shared drive and are complete,2023-02-20,0.0,open,0.0,green,,,,,,,,,,4,Saturday,41,193,,,R20,might fall down again,3,90,270,9.0,open,budget,2023-06-12 16:15:01,2023-06-12 16:15:45,1,Yellow,270.0,response,High
417,159,153.0,"iLOG and company are requesting interchange data. On Wednesday April 13, stakeholders complain that there are duplicate events, citing similar reference locations (note the data feed used to justify the request is not an ATMS feed, it is most likely from iLOG via 511PA).",2022-06-30,0.0,open,0,green,2022-04-13 15:46:18,2022-04-13 15:46:18,4,13,137.0,329.0,0.0,Unknown,ISS6,Complete the PMO level of effort LOE sheet & return to the shared drive,2023-02-18,0.0,open,0.0,green,,,,,,,,,,6,Thursday,41,193,,,R21,could be over-run with too many users,5,65,325,1.0,open,schedule_and_budget,2023-06-12 16:15:01,2023-06-12 16:15:45,1,Yellow,325.0,,High
418,159,153.0,Mitchel to add mile marker template codes to broadcast response templates - Verify in Staging and then ask Todd and Nate to approve before proceeding with the addition to prod.,2022-06-30,0.0,open,20,green,2022-04-13 15:59:06,2022-04-13 15:59:06,4,13,137.0,330.0,295.0,Kevin Matt,ISS7,Ensure your information is complete for the RFP response and in the shared drive,2023-02-22,0.0,open,0.0,green,,,,,,,,,,6,Thursday,41,193,,,R22,could go on vacation,1,85,85,,open,schedule_and_scope,2023-06-12 16:15:01,2023-06-12 16:15:01,0,Green,84.95,"todd, nate, response",Low
419,159,153.0,Mitchel to add mile marker template codes to broadcast response templates - Verify in Staging and then ask Todd and Nate to approve before proceeding with the addition to prod.,2022-06-30,0.0,open,80,green,2022-04-13 16:47:39,2022-04-13 16:47:39,4,13,137.0,331.0,296.0,Shawn Brook,ISS8,Ensure your information is complete for the RFP response and in the shared drive,2023-02-23,0.0,open,0.0,green,,,,,,,,,,6,Thursday,41,193,,,R23,risk that the whole thing is cancelled,2,90,180,,open,budget,2023-06-12 16:15:01,2023-06-12 16:15:01,1,Yellow,179.65,"todd, nate, response",Medium
420,173,153.0,"Change Disabled Vehicle subcause named Disabled OS/OW"" - should be removed and replaced with a subcause to reflect a ""vehicle/car passenger carrier"".""",2022-04-22,0.0,open,0,green,2022-04-14 09:51:25,2022-04-14 09:51:25,4,14,137.0,332.0,0.0,Unknown,ISS9,Ensure your Partner Response costing is complete and in the shared drive,2023-02-19,0.0,open,0.0,green,,,,,,,,,,4,Friday,41,193,,,R24,risk that the thing does not work at all,4,20,80,,open,schedule,2023-06-12 16:15:01,2023-06-12 16:15:01,0,Green,80.0,,Low
422,63,76.0,Still working on the documentation,2022-04-10,1.0,open,80,green,2022-04-16 10:04:50,2022-04-16 10:04:50,4,16,137.0,334.0,0.0,Unknown,ISS11,Put together the final RFP response into the shared drive,2023-02-25,0.0,open,0.0,green,,,,,,,,,,4,Sunday,41,193,,,R26,might fall down,2,65,130,,open,budget,2023-06-12 16:15:45,2023-06-12 16:15:45,0,Green,130.0,,Medium
423,175,183.0,Ohio Phone Bill + PTC Phone Bill,2022-04-30,0.0,open,0,green,2022-04-16 18:24:43,2022-04-16 18:24:43,4,16,137.0,335.0,0.0,Unknown,ISS12,Close project/tasks and submit closure report,2023-03-01,0.0,open,0.0,green,,,,,,,,,,4,Saturday,41,193,,,R27,could lose money again,3,40,120,,open,scope_or_schedule_or_budget,2023-06-12 16:15:45,2023-06-12 16:15:45,0,Green,120.0,,Medium
424,147,183.0,Review Documents,2022-04-22,1.0,open,10,green,2022-04-18 12:32:43,2022-04-18 12:32:43,4,18,137.0,336.0,0.0,Unknown,ISS13,"Record learnings, if any",2023-03-02,0.0,open,0.0,green,,,,,,,,,,4,Friday,41,193,,,R28,might fall down again,3,90,270,9.0,open,budget,2023-06-12 16:15:45,2023-06-12 16:15:45,0,Green,270.0,review,High
425,175,183.0,Ohio Phone Bill + PTC Phone Bill,2022-04-30,0.0,open,80,green,2022-04-18 12:32:53,2022-04-18 12:32:53,4,18,138.0,337.0,0.0,Unknown,ISS1,neet to send a card,2023-07-09,0.0,open,0.0,green,,,,,,,,,,4,Saturday,41,193,,,R29,could be over-run with too many users,5,65,325,1.0,open,schedule_and_budget,2023-06-12 16:15:45,2023-06-12 16:15:45,0,Green,325.0,,High
426,176,183.0,Fill out two past weeks timesheets,2022-04-19,1.0,open,20,green,2022-04-18 12:35:29,2022-04-18 12:35:29,4,18,138.0,338.0,297.0,Steve McBroom,ISS2,take the paint home,2023-08-23,0.0,open,0.0,green,,,,,,,,,,4,Tuesday,41,193,,,R30,could go on vacation,1,85,85,,open,schedule_and_scope,2023-06-12 16:15:45,2023-06-12 16:15:45,0,Green,84.95,,Low
427,177,183.0,PTO Request - Schedule Friday April 29th,2022-04-20,1.0,open,0,green,2022-04-18 12:38:18,2022-04-18 12:38:18,4,18,138.0,339.0,0.0,Unknown,ISS3,make a full list of what needs to be working,2023-08-17,0.0,open,0.0,green,,,,,,,,,,4,Wednesday,41,193,,,R31,risk that the whole thing is cancelled,2,90,180,,open,budget,2023-06-12 16:15:45,2023-06-12 16:15:45,0,Green,179.5,,Medium
428,178,183.0,Need to get new credit card before NY trip,2022-04-28,1.0,open,0,green,2022-04-18 21:40:45,2022-04-18 21:40:45,4,18,138.0,340.0,0.0,Unknown,ISS4,this is the time to check on this,2023-07-03,0.0,open,0.0,green,,,,,,,,,,4,Thursday,41,193,,,R32,risk that the thing does not work at all,4,20,80,,open,schedule,2023-06-12 16:15:45,2023-06-12 16:15:45,0,Green,80.0,"need, new",Low
429,156,182.0,Mitchel's plan to create spreadsheet out of document comments grouping sections/issues/updates together. Also need to begin to colour code the different sections of the document with regard to the separate bridge stakeholder groups.,2022-04-20,1.0,open,30,green,2022-04-18 22:57:48,2022-04-18 22:57:48,4,18,138.0,341.0,0.0,Unknown,ISS5,Info Gather Done,2023-06-16,0.0,open,0.0,green,,,,,,,,,,4,Wednesday,2,192,,,R9,risk is there is a thing,4,75,300,3.0,open,scope_or_schedule_or_budget,2023-06-12 16:21:10,2023-06-12 16:21:10,0,Green,300.0,need,High
430,150,182.0,Creating list of updates / screenshots / info needed for each section of the manual.,2022-04-20,1.0,open,30,green,2022-04-18 22:58:42,2022-04-18 22:58:42,4,18,138.0,342.0,0.0,Unknown,ISS6,more to do,1970-01-01,0.0,open,0.0,green,,,,,,,,,,4,Wednesday,2,192,,,R10,might fall down,2,65,130,,open,budget,2023-06-12 16:21:10,2023-06-12 16:21:10,0,Green,130.0,,Medium
467,185,183.0,Add notes,2022-04-27,1.0,open,0,green,2022-04-27 15:18:09,2022-04-27 15:18:09,4,27,150.0,379.0,321.0,Pat Best,ACT1,identify goals,2023-07-06,0.0,open,0.0,green,,,,,,,,,,4,Wednesday,41,194,,,R7,risk that we drop out,4,65,260,3.0,open,schedule,2023-06-12 16:39:57,2023-06-12 16:39:57,0,Green,260.0,,High
468,178,183.0,Need to get new credit card before NY trip,2022-04-28,1.0,closed,100,green,2022-04-28 18:32:40,2022-04-28 18:32:40,4,28,150.0,380.0,322.0,Steve Dunbar,ACT2,determine deliverables,2023-07-10,0.0,open,0.0,green,,,,,,,,,,4,Thursday,41,194,,,R8,could lose money,3,40,120,,open,scope_or_schedule_or_budget,2023-06-12 16:39:57,2023-06-12 16:39:57,0,Green,120.0,"need, new",Medium
469,186,189.0,Apply for Business license,2022-06-01,0.0,open,0,green,2022-04-29 09:47:37,2022-04-29 09:47:37,4,29,150.0,381.0,323.0,Sheila Matt,ACT3,conduct stakeholer interviews,2023-07-03,0.0,open,0.0,green,,,,,,,,,,6,Wednesday,41,194,,,R9,might be wrong color,3,55,165,,open,schedule_and_scope,2023-06-12 16:39:57,2023-06-12 16:39:57,1,Yellow,164.35,,Medium
474,191,192.0,Fixtures ( Pedestals and Valance) confirm Ordered and Estimate delivery date,2022-05-02,0.0,open,50,green,2022-04-29 10:08:26,2022-04-29 10:08:26,4,29,150.0,386.0,324.0,Alfi Singh,ACT8,test and review,2023-07-07,0.0,open,0.0,green,,,,,,,,,,5,Monday,41,197,,,R4,might fall down again,3,90,270,2.0,open,budget,2023-06-12 17:10:13,2023-06-12 17:10:13,0,Green,270.0,,High
475,192,189.0,Detailed list of new opening marketing activities,2022-05-11,0.0,open,0,green,2022-04-29 10:11:56,2022-04-29 10:11:56,4,29,150.0,387.0,321.0,Pat Best,ACT9,manage team updates,2023-08-10,0.0,open,0.0,green,,,,,,,,,,5,Wednesday,41,197,,,R5,could lose money,3,40,120,,open,scope_or_schedule_or_budget,2023-06-12 17:10:13,2023-06-12 17:10:13,0,Green,120.0,new,Medium
476,193,189.0,List stock items and inventory levels,2022-06-01,0.0,open,0,green,2022-04-29 10:13:50,2022-04-29 10:13:50,4,29,150.0,388.0,321.0,Pat Best,ACT10,manage risks,1970-01-01,0.0,open,0.0,green,,,,,,,,,,6,Wednesday,41,197,,,R6,might be wrong color,3,75,225,4.0,open,schedule,2023-06-12 17:10:13,2023-06-12 17:10:13,0,Green,224.2,,High
477,194,191.0,Organize fabrication type and supplies needed,2022-05-11,0.0,open,0,green,2022-04-29 10:15:47,2022-04-29 10:15:47,4,29,150.0,389.0,321.0,Pat Best,ACT11,manage isssues,2023-08-12,0.0,open,0.0,green,,,,,,,,,,5,Wednesday,41,197,,,R7,risk that we drop out,4,65,260,3.0,open,schedule,2023-06-12 17:10:13,2023-06-12 17:10:13,0,Green,260.0,,High
479,175,183.0,Ohio Phone Bill + PTC Phone Bill,2022-04-30,1.0,closed,100,green,2022-05-02 15:07:12,2022-05-02 15:07:12,5,2,150.0,391.0,323.0,Sheila Matt,ACT13,finalize and obtain sign-off,1970-01-01,0.0,open,0.0,green,,,,,,,,,,4,Saturday,41,197,,,R9,might be wrong color,3,55,165,,open,schedule_and_scope,2023-06-12 17:10:13,2023-06-12 17:10:13,1,Yellow,165.2,,Medium
510,167,180.0,still working on it,2022-05-18,1.0,open,70,green,2022-05-04 14:47:58,2022-05-04 14:47:58,5,4,156.0,422.0,338.0,Pat Best,ACT1,identify goals,2023-07-06,0.0,open,0.0,green,,,,,,,,,,5,Wednesday,2,222,,,R1,this,3,55,165,,open,scope,2024-01-30 19:48:42,2024-01-30 19:48:42,0,Green,165.2,,Medium
520,173,153.0,Removing from list - Has not been referenced since being originally brought up.,2022-05-13,0.0,open,0,green,2022-05-08 22:16:56,2022-05-08 22:16:56,5,8,160.0,432.0,347.0,Steve Dunbar,ACT2,conduct stakeholer interviews,2023-07-03,0.0,open,0.0,green,,,,,,,,,,5,Friday,2,228,,,R3,risk that the blueprints show  incorrect measurements,4,15,60,,open,scope_or_schedule_or_budget,2024-01-30 20:01:25,2024-01-30 20:01:25,1,Yellow,53.95,,Low
521,173,153.0,Removing from list - Has not been referenced since being originally brought up.,2022-05-13,0.0,closed,0,green,2022-05-08 22:17:04,2022-05-08 22:17:04,5,8,161.0,433.0,348.0,Pat Best,ACT1,identify goals,2023-07-06,0.0,open,0.0,green,,,,,,,,,,5,Friday,2,230,,,R1,there is a risk that the materials are not all available at the store,4,50,200,,open,schedule,2024-01-30 20:19:34,2024-01-30 20:19:34,2,Red,200.25,,High
522,206,153.0,Investigate events referenced by Pieter from TomTom RE: TMDD event type mismatch.,2022-05-13,0.0,open,0,green,2022-05-09 15:18:18,2022-05-09 15:18:18,5,9,161.0,434.0,349.0,Steve Dunbar,ACT2,conduct stakeholer interviews,2023-07-03,0.0,open,0.0,green,,,,,,,,,,5,Friday,2,230,,,R2,may need to add windows if not enough light after install,3,30,90,,open,budget_and_scope,2024-01-30 20:19:34,2024-01-30 20:19:34,1,Yellow,81.7,,Low
523,206,153.0,Investigate events referenced by Pieter from TomTom RE: TMDD event type mismatch.,2022-05-13,0.0,open,0,green,2022-05-09 15:18:32,2022-05-09 15:18:32,5,9,161.0,435.0,0.0,Unknown,ACT3,conduct stakeholer interviews,2023-07-03,0.0,open,0.0,green,,,,,,,,,,5,Friday,2,230,,,R3,risk that the blueprints show  incorrect measurements,5,15,75,,open,scope_or_schedule_or_budget,2024-01-30 20:19:34,2024-01-30 20:19:34,0,Green,75.2,,Low
